[2026-01-22 16:26:45] local.ERROR: The resource owner or authorization server denied the request. {"exception":"[object] (League\\OAuth2\\Server\\Exception\\OAuthServerException(code: 9): The resource owner or authorization server denied the request. at D:\\xampp\\htdocs\\ehs-backend\\vendor\\league\\oauth2-server\\src\\Exception\\OAuthServerException.php:243)
[stacktrace]
#0 D:\\xampp\\htdocs\\ehs-backend\\vendor\\league\\oauth2-server\\src\\AuthorizationValidators\\BearerTokenValidator.php(108): League\\OAuth2\\Server\\Exception\\OAuthServerException::accessDenied('The JWT string ...', NULL, Object(Lcobucci\\JWT\\Token\\InvalidTokenStructure))
#1 D:\\xampp\\htdocs\\ehs-backend\\vendor\\league\\oauth2-server\\src\\ResourceServer.php(84): League\\OAuth2\\Server\\AuthorizationValidators\\BearerTokenValidator->validateAuthorization(Object(Nyholm\\Psr7\\ServerRequest))
#2 D:\\xampp\\htdocs\\ehs-backend\\vendor\\laravel\\passport\\src\\Guards\\TokenGuard.php(232): League\\OAuth2\\Server\\ResourceServer->validateAuthenticatedRequest(Object(Nyholm\\Psr7\\ServerRequest))
#3 D:\\xampp\\htdocs\\ehs-backend\\vendor\\laravel\\passport\\src\\Guards\\TokenGuard.php(178): Laravel\\Passport\\Guards\\TokenGuard->getPsrRequestViaBearerToken(Object(Illuminate\\Http\\Request))
#4 D:\\xampp\\htdocs\\ehs-backend\\vendor\\laravel\\passport\\src\\Guards\\TokenGuard.php(120): Laravel\\Passport\\Guards\\TokenGuard->authenticateViaBearerToken(Object(Illuminate\\Http\\Request))
#5 D:\\xampp\\htdocs\\ehs-backend\\app\\Http\\Controllers\\User\\UserController.php(123): Laravel\\Passport\\Guards\\TokenGuard->user()
#6 D:\\xampp\\htdocs\\ehs-backend\\vendor\\laravel\\framework\\src\\Illuminate\\Routing\\Controller.php(54): App\\Http\\Controllers\\User\\UserController->profile(Object(Illuminate\\Http\\Request))
#7 D:\\xampp\\htdocs\\ehs-backend\\vendor\\laravel\\framework\\src\\Illuminate\\Routing\\ControllerDispatcher.php(43): Illuminate\\Routing\\Controller->callAction('profile', Array)
#8 D:\\xampp\\htdocs\\ehs-backend\\vendor\\laravel\\framework\\src\\Illuminate\\Routing\\Route.php(259): Illuminate\\Routing\\ControllerDispatcher->dispatch(Object(Illuminate\\Routing\\Route), Object(App\\Http\\Controllers\\User\\UserController), 'profile')
#9 D:\\xampp\\htdocs\\ehs-backend\\vendor\\laravel\\framework\\src\\Illuminate\\Routing\\Route.php(205): Illuminate\\Routing\\Route->runController()
#10 D:\\xampp\\htdocs\\ehs-backend\\vendor\\laravel\\framework\\src\\Illuminate\\Routing\\Router.php(798): Illuminate\\Routing\\Route->run()
#11 D:\\xampp\\htdocs\\ehs-backend\\vendor\\laravel\\framework\\src\\Illuminate\\Pipeline\\Pipeline.php(141): Illuminate\\Routing\\Router->Illuminate\\Routing\\{closure}(Object(Illuminate\\Http\\Request))
#12 D:\\xampp\\htdocs\\ehs-backend\\vendor\\laravel\\framework\\src\\Illuminate\\Routing\\Middleware\\SubstituteBindings.php(50): Illuminate\\Pipeline\\Pipeline->Illuminate\\Pipeline\\{closure}(Object(Illuminate\\Http\\Request))
#13 D:\\xampp\\htdocs\\ehs-backend\\vendor\\laravel\\framework\\src\\Illuminate\\Pipeline\\Pipeline.php(180): Illuminate\\Routing\\Middleware\\SubstituteBindings->handle(Object(Illuminate\\Http\\Request), Object(Closure))
#14 D:\\xampp\\htdocs\\ehs-backend\\vendor\\laravel\\framework\\src\\Illuminate\\Routing\\Middleware\\ThrottleRequests.php(126): Illuminate\\Pipeline\\Pipeline->Illuminate\\Pipeline\\{closure}(Object(Illuminate\\Http\\Request))
#15 D:\\xampp\\htdocs\\ehs-backend\\vendor\\laravel\\framework\\src\\Illuminate\\Routing\\Middleware\\ThrottleRequests.php(92): Illuminate\\Routing\\Middleware\\ThrottleRequests->handleRequest(Object(Illuminate\\Http\\Request), Object(Closure), Array)
#16 D:\\xampp\\htdocs\\ehs-backend\\vendor\\laravel\\framework\\src\\Illuminate\\Routing\\Middleware\\ThrottleRequests.php(54): Illuminate\\Routing\\Middleware\\ThrottleRequests->handleRequestUsingNamedLimiter(Object(Illuminate\\Http\\Request), Object(Closure), 'api', Object(Closure))
#17 D:\\xampp\\htdocs\\ehs-backend\\vendor\\laravel\\framework\\src\\Illuminate\\Pipeline\\Pipeline.php(180): Illuminate\\Routing\\Middleware\\ThrottleRequests->handle(Object(Illuminate\\Http\\Request), Object(Closure), 'api')
#18 D:\\xampp\\htdocs\\ehs-backend\\vendor\\laravel\\framework\\src\\Illuminate\\Pipeline\\Pipeline.php(116): Illuminate\\Pipeline\\Pipeline->Illuminate\\Pipeline\\{closure}(Object(Illuminate\\Http\\Request))
#19 D:\\xampp\\htdocs\\ehs-backend\\vendor\\laravel\\framework\\src\\Illuminate\\Routing\\Router.php(797): Illuminate\\Pipeline\\Pipeline->then(Object(Closure))
#20 D:\\xampp\\htdocs\\ehs-backend\\vendor\\laravel\\framework\\src\\Illuminate\\Routing\\Router.php(776): Illuminate\\Routing\\Router->runRouteWithinStack(Object(Illuminate\\Routing\\Route), Object(Illuminate\\Http\\Request))
#21 D:\\xampp\\htdocs\\ehs-backend\\vendor\\laravel\\framework\\src\\Illuminate\\Routing\\Router.php(740): Illuminate\\Routing\\Router->runRoute(Object(Illuminate\\Http\\Request), Object(Illuminate\\Routing\\Route))
#22 D:\\xampp\\htdocs\\ehs-backend\\vendor\\laravel\\framework\\src\\Illuminate\\Routing\\Router.php(729): Illuminate\\Routing\\Router->dispatchToRoute(Object(Illuminate\\Http\\Request))
#23 D:\\xampp\\htdocs\\ehs-backend\\vendor\\laravel\\framework\\src\\Illuminate\\Foundation\\Http\\Kernel.php(190): Illuminate\\Routing\\Router->dispatch(Object(Illuminate\\Http\\Request))
#24 D:\\xampp\\htdocs\\ehs-backend\\vendor\\laravel\\framework\\src\\Illuminate\\Pipeline\\Pipeline.php(141): Illuminate\\Foundation\\Http\\Kernel->Illuminate\\Foundation\\Http\\{closure}(Object(Illuminate\\Http\\Request))
#25 D:\\xampp\\htdocs\\ehs-backend\\vendor\\laravel\\framework\\src\\Illuminate\\Foundation\\Http\\Middleware\\TransformsRequest.php(21): Illuminate\\Pipeline\\Pipeline->Illuminate\\Pipeline\\{closure}(Object(Illuminate\\Http\\Request))
#26 D:\\xampp\\htdocs\\ehs-backend\\vendor\\laravel\\framework\\src\\Illuminate\\Foundation\\Http\\Middleware\\ConvertEmptyStringsToNull.php(31): Illuminate\\Foundation\\Http\\Middleware\\TransformsRequest->handle(Object(Illuminate\\Http\\Request), Object(Closure))
#27 D:\\xampp\\htdocs\\ehs-backend\\vendor\\laravel\\framework\\src\\Illuminate\\Pipeline\\Pipeline.php(180): Illuminate\\Foundation\\Http\\Middleware\\ConvertEmptyStringsToNull->handle(Object(Illuminate\\Http\\Request), Object(Closure))
#28 D:\\xampp\\htdocs\\ehs-backend\\vendor\\laravel\\framework\\src\\Illuminate\\Foundation\\Http\\Middleware\\TransformsRequest.php(21): Illuminate\\Pipeline\\Pipeline->Illuminate\\Pipeline\\{closure}(Object(Illuminate\\Http\\Request))
#29 D:\\xampp\\htdocs\\ehs-backend\\vendor\\laravel\\framework\\src\\Illuminate\\Foundation\\Http\\Middleware\\TrimStrings.php(40): Illuminate\\Foundation\\Http\\Middleware\\TransformsRequest->handle(Object(Illuminate\\Http\\Request), Object(Closure))
#30 D:\\xampp\\htdocs\\ehs-backend\\vendor\\laravel\\framework\\src\\Illuminate\\Pipeline\\Pipeline.php(180): Illuminate\\Foundation\\Http\\Middleware\\TrimStrings->handle(Object(Illuminate\\Http\\Request), Object(Closure))
#31 D:\\xampp\\htdocs\\ehs-backend\\vendor\\laravel\\framework\\src\\Illuminate\\Foundation\\Http\\Middleware\\ValidatePostSize.php(27): Illuminate\\Pipeline\\Pipeline->Illuminate\\Pipeline\\{closure}(Object(Illuminate\\Http\\Request))
#32 D:\\xampp\\htdocs\\ehs-backend\\vendor\\laravel\\framework\\src\\Illuminate\\Pipeline\\Pipeline.php(180): Illuminate\\Foundation\\Http\\Middleware\\ValidatePostSize->handle(Object(Illuminate\\Http\\Request), Object(Closure))
#33 D:\\xampp\\htdocs\\ehs-backend\\vendor\\laravel\\framework\\src\\Illuminate\\Foundation\\Http\\Middleware\\PreventRequestsDuringMaintenance.php(86): Illuminate\\Pipeline\\Pipeline->Illuminate\\Pipeline\\{closure}(Object(Illuminate\\Http\\Request))
#34 D:\\xampp\\htdocs\\ehs-backend\\vendor\\laravel\\framework\\src\\Illuminate\\Pipeline\\Pipeline.php(180): Illuminate\\Foundation\\Http\\Middleware\\PreventRequestsDuringMaintenance->handle(Object(Illuminate\\Http\\Request), Object(Closure))
#35 D:\\xampp\\htdocs\\ehs-backend\\vendor\\laravel\\framework\\src\\Illuminate\\Http\\Middleware\\HandleCors.php(62): Illuminate\\Pipeline\\Pipeline->Illuminate\\Pipeline\\{closure}(Object(Illuminate\\Http\\Request))
#36 D:\\xampp\\htdocs\\ehs-backend\\vendor\\laravel\\framework\\src\\Illuminate\\Pipeline\\Pipeline.php(180): Illuminate\\Http\\Middleware\\HandleCors->handle(Object(Illuminate\\Http\\Request), Object(Closure))
#37 D:\\xampp\\htdocs\\ehs-backend\\vendor\\laravel\\framework\\src\\Illuminate\\Http\\Middleware\\TrustProxies.php(39): Illuminate\\Pipeline\\Pipeline->Illuminate\\Pipeline\\{closure}(Object(Illuminate\\Http\\Request))
#38 D:\\xampp\\htdocs\\ehs-backend\\vendor\\laravel\\framework\\src\\Illuminate\\Pipeline\\Pipeline.php(180): Illuminate\\Http\\Middleware\\TrustProxies->handle(Object(Illuminate\\Http\\Request), Object(Closure))
#39 D:\\xampp\\htdocs\\ehs-backend\\vendor\\laravel\\framework\\src\\Illuminate\\Pipeline\\Pipeline.php(116): Illuminate\\Pipeline\\Pipeline->Illuminate\\Pipeline\\{closure}(Object(Illuminate\\Http\\Request))
#40 D:\\xampp\\htdocs\\ehs-backend\\vendor\\laravel\\framework\\src\\Illuminate\\Foundation\\Http\\Kernel.php(165): Illuminate\\Pipeline\\Pipeline->then(Object(Closure))
#41 D:\\xampp\\htdocs\\ehs-backend\\vendor\\laravel\\framework\\src\\Illuminate\\Foundation\\Http\\Kernel.php(134): Illuminate\\Foundation\\Http\\Kernel->sendRequestThroughRouter(Object(Illuminate\\Http\\Request))
#42 D:\\xampp\\htdocs\\ehs-backend\\public\\index.php(51): Illuminate\\Foundation\\Http\\Kernel->handle(Object(Illuminate\\Http\\Request))
#43 D:\\xampp\\htdocs\\ehs-backend\\vendor\\laravel\\framework\\src\\Illuminate\\Foundation\\resources\\server.php(16): require_once('D:\\\\xampp\\\\htdocs...')
#44 {main}

[previous exception] [object] (Lcobucci\\JWT\\Token\\InvalidTokenStructure(code: 0): The JWT string must have two dots at D:\\xampp\\htdocs\\ehs-backend\\vendor\\lcobucci\\jwt\\src\\Token\\InvalidTokenStructure.php:13)
[stacktrace]
#0 D:\\xampp\\htdocs\\ehs-backend\\vendor\\lcobucci\\jwt\\src\\Token\\Parser.php(54): Lcobucci\\JWT\\Token\\InvalidTokenStructure::missingOrNotEnoughSeparators()
#1 D:\\xampp\\htdocs\\ehs-backend\\vendor\\lcobucci\\jwt\\src\\Token\\Parser.php(31): Lcobucci\\JWT\\Token\\Parser->splitJwt('undefined')
#2 D:\\xampp\\htdocs\\ehs-backend\\vendor\\league\\oauth2-server\\src\\AuthorizationValidators\\BearerTokenValidator.php(106): Lcobucci\\JWT\\Token\\Parser->parse('undefined')
#3 D:\\xampp\\htdocs\\ehs-backend\\vendor\\league\\oauth2-server\\src\\ResourceServer.php(84): League\\OAuth2\\Server\\AuthorizationValidators\\BearerTokenValidator->validateAuthorization(Object(Nyholm\\Psr7\\ServerRequest))
#4 D:\\xampp\\htdocs\\ehs-backend\\vendor\\laravel\\passport\\src\\Guards\\TokenGuard.php(232): League\\OAuth2\\Server\\ResourceServer->validateAuthenticatedRequest(Object(Nyholm\\Psr7\\ServerRequest))
#5 D:\\xampp\\htdocs\\ehs-backend\\vendor\\laravel\\passport\\src\\Guards\\TokenGuard.php(178): Laravel\\Passport\\Guards\\TokenGuard->getPsrRequestViaBearerToken(Object(Illuminate\\Http\\Request))
#6 D:\\xampp\\htdocs\\ehs-backend\\vendor\\laravel\\passport\\src\\Guards\\TokenGuard.php(120): Laravel\\Passport\\Guards\\TokenGuard->authenticateViaBearerToken(Object(Illuminate\\Http\\Request))
#7 D:\\xampp\\htdocs\\ehs-backend\\app\\Http\\Controllers\\User\\UserController.php(123): Laravel\\Passport\\Guards\\TokenGuard->user()
#8 D:\\xampp\\htdocs\\ehs-backend\\vendor\\laravel\\framework\\src\\Illuminate\\Routing\\Controller.php(54): App\\Http\\Controllers\\User\\UserController->profile(Object(Illuminate\\Http\\Request))
#9 D:\\xampp\\htdocs\\ehs-backend\\vendor\\laravel\\framework\\src\\Illuminate\\Routing\\ControllerDispatcher.php(43): Illuminate\\Routing\\Controller->callAction('profile', Array)
#10 D:\\xampp\\htdocs\\ehs-backend\\vendor\\laravel\\framework\\src\\Illuminate\\Routing\\Route.php(259): Illuminate\\Routing\\ControllerDispatcher->dispatch(Object(Illuminate\\Routing\\Route), Object(App\\Http\\Controllers\\User\\UserController), 'profile')
#11 D:\\xampp\\htdocs\\ehs-backend\\vendor\\laravel\\framework\\src\\Illuminate\\Routing\\Route.php(205): Illuminate\\Routing\\Route->runController()
#12 D:\\xampp\\htdocs\\ehs-backend\\vendor\\laravel\\framework\\src\\Illuminate\\Routing\\Router.php(798): Illuminate\\Routing\\Route->run()
#13 D:\\xampp\\htdocs\\ehs-backend\\vendor\\laravel\\framework\\src\\Illuminate\\Pipeline\\Pipeline.php(141): Illuminate\\Routing\\Router->Illuminate\\Routing\\{closure}(Object(Illuminate\\Http\\Request))
#14 D:\\xampp\\htdocs\\ehs-backend\\vendor\\laravel\\framework\\src\\Illuminate\\Routing\\Middleware\\SubstituteBindings.php(50): Illuminate\\Pipeline\\Pipeline->Illuminate\\Pipeline\\{closure}(Object(Illuminate\\Http\\Request))
#15 D:\\xampp\\htdocs\\ehs-backend\\vendor\\laravel\\framework\\src\\Illuminate\\Pipeline\\Pipeline.php(180): Illuminate\\Routing\\Middleware\\SubstituteBindings->handle(Object(Illuminate\\Http\\Request), Object(Closure))
#16 D:\\xampp\\htdocs\\ehs-backend\\vendor\\laravel\\framework\\src\\Illuminate\\Routing\\Middleware\\ThrottleRequests.php(126): Illuminate\\Pipeline\\Pipeline->Illuminate\\Pipeline\\{closure}(Object(Illuminate\\Http\\Request))
#17 D:\\xampp\\htdocs\\ehs-backend\\vendor\\laravel\\framework\\src\\Illuminate\\Routing\\Middleware\\ThrottleRequests.php(92): Illuminate\\Routing\\Middleware\\ThrottleRequests->handleRequest(Object(Illuminate\\Http\\Request), Object(Closure), Array)
#18 D:\\xampp\\htdocs\\ehs-backend\\vendor\\laravel\\framework\\src\\Illuminate\\Routing\\Middleware\\ThrottleRequests.php(54): Illuminate\\Routing\\Middleware\\ThrottleRequests->handleRequestUsingNamedLimiter(Object(Illuminate\\Http\\Request), Object(Closure), 'api', Object(Closure))
#19 D:\\xampp\\htdocs\\ehs-backend\\vendor\\laravel\\framework\\src\\Illuminate\\Pipeline\\Pipeline.php(180): Illuminate\\Routing\\Middleware\\ThrottleRequests->handle(Object(Illuminate\\Http\\Request), Object(Closure), 'api')
#20 D:\\xampp\\htdocs\\ehs-backend\\vendor\\laravel\\framework\\src\\Illuminate\\Pipeline\\Pipeline.php(116): Illuminate\\Pipeline\\Pipeline->Illuminate\\Pipeline\\{closure}(Object(Illuminate\\Http\\Request))
#21 D:\\xampp\\htdocs\\ehs-backend\\vendor\\laravel\\framework\\src\\Illuminate\\Routing\\Router.php(797): Illuminate\\Pipeline\\Pipeline->then(Object(Closure))
#22 D:\\xampp\\htdocs\\ehs-backend\\vendor\\laravel\\framework\\src\\Illuminate\\Routing\\Router.php(776): Illuminate\\Routing\\Router->runRouteWithinStack(Object(Illuminate\\Routing\\Route), Object(Illuminate\\Http\\Request))
#23 D:\\xampp\\htdocs\\ehs-backend\\vendor\\laravel\\framework\\src\\Illuminate\\Routing\\Router.php(740): Illuminate\\Routing\\Router->runRoute(Object(Illuminate\\Http\\Request), Object(Illuminate\\Routing\\Route))
#24 D:\\xampp\\htdocs\\ehs-backend\\vendor\\laravel\\framework\\src\\Illuminate\\Routing\\Router.php(729): Illuminate\\Routing\\Router->dispatchToRoute(Object(Illuminate\\Http\\Request))
#25 D:\\xampp\\htdocs\\ehs-backend\\vendor\\laravel\\framework\\src\\Illuminate\\Foundation\\Http\\Kernel.php(190): Illuminate\\Routing\\Router->dispatch(Object(Illuminate\\Http\\Request))
#26 D:\\xampp\\htdocs\\ehs-backend\\vendor\\laravel\\framework\\src\\Illuminate\\Pipeline\\Pipeline.php(141): Illuminate\\Foundation\\Http\\Kernel->Illuminate\\Foundation\\Http\\{closure}(Object(Illuminate\\Http\\Request))
#27 D:\\xampp\\htdocs\\ehs-backend\\vendor\\laravel\\framework\\src\\Illuminate\\Foundation\\Http\\Middleware\\TransformsRequest.php(21): Illuminate\\Pipeline\\Pipeline->Illuminate\\Pipeline\\{closure}(Object(Illuminate\\Http\\Request))
#28 D:\\xampp\\htdocs\\ehs-backend\\vendor\\laravel\\framework\\src\\Illuminate\\Foundation\\Http\\Middleware\\ConvertEmptyStringsToNull.php(31): Illuminate\\Foundation\\Http\\Middleware\\TransformsRequest->handle(Object(Illuminate\\Http\\Request), Object(Closure))
#29 D:\\xampp\\htdocs\\ehs-backend\\vendor\\laravel\\framework\\src\\Illuminate\\Pipeline\\Pipeline.php(180): Illuminate\\Foundation\\Http\\Middleware\\ConvertEmptyStringsToNull->handle(Object(Illuminate\\Http\\Request), Object(Closure))
#30 D:\\xampp\\htdocs\\ehs-backend\\vendor\\laravel\\framework\\src\\Illuminate\\Foundation\\Http\\Middleware\\TransformsRequest.php(21): Illuminate\\Pipeline\\Pipeline->Illuminate\\Pipeline\\{closure}(Object(Illuminate\\Http\\Request))
#31 D:\\xampp\\htdocs\\ehs-backend\\vendor\\laravel\\framework\\src\\Illuminate\\Foundation\\Http\\Middleware\\TrimStrings.php(40): Illuminate\\Foundation\\Http\\Middleware\\TransformsRequest->handle(Object(Illuminate\\Http\\Request), Object(Closure))
#32 D:\\xampp\\htdocs\\ehs-backend\\vendor\\laravel\\framework\\src\\Illuminate\\Pipeline\\Pipeline.php(180): Illuminate\\Foundation\\Http\\Middleware\\TrimStrings->handle(Object(Illuminate\\Http\\Request), Object(Closure))
#33 D:\\xampp\\htdocs\\ehs-backend\\vendor\\laravel\\framework\\src\\Illuminate\\Foundation\\Http\\Middleware\\ValidatePostSize.php(27): Illuminate\\Pipeline\\Pipeline->Illuminate\\Pipeline\\{closure}(Object(Illuminate\\Http\\Request))
#34 D:\\xampp\\htdocs\\ehs-backend\\vendor\\laravel\\framework\\src\\Illuminate\\Pipeline\\Pipeline.php(180): Illuminate\\Foundation\\Http\\Middleware\\ValidatePostSize->handle(Object(Illuminate\\Http\\Request), Object(Closure))
#35 D:\\xampp\\htdocs\\ehs-backend\\vendor\\laravel\\framework\\src\\Illuminate\\Foundation\\Http\\Middleware\\PreventRequestsDuringMaintenance.php(86): Illuminate\\Pipeline\\Pipeline->Illuminate\\Pipeline\\{closure}(Object(Illuminate\\Http\\Request))
#36 D:\\xampp\\htdocs\\ehs-backend\\vendor\\laravel\\framework\\src\\Illuminate\\Pipeline\\Pipeline.php(180): Illuminate\\Foundation\\Http\\Middleware\\PreventRequestsDuringMaintenance->handle(Object(Illuminate\\Http\\Request), Object(Closure))
#37 D:\\xampp\\htdocs\\ehs-backend\\vendor\\laravel\\framework\\src\\Illuminate\\Http\\Middleware\\HandleCors.php(62): Illuminate\\Pipeline\\Pipeline->Illuminate\\Pipeline\\{closure}(Object(Illuminate\\Http\\Request))
#38 D:\\xampp\\htdocs\\ehs-backend\\vendor\\laravel\\framework\\src\\Illuminate\\Pipeline\\Pipeline.php(180): Illuminate\\Http\\Middleware\\HandleCors->handle(Object(Illuminate\\Http\\Request), Object(Closure))
#39 D:\\xampp\\htdocs\\ehs-backend\\vendor\\laravel\\framework\\src\\Illuminate\\Http\\Middleware\\TrustProxies.php(39): Illuminate\\Pipeline\\Pipeline->Illuminate\\Pipeline\\{closure}(Object(Illuminate\\Http\\Request))
#40 D:\\xampp\\htdocs\\ehs-backend\\vendor\\laravel\\framework\\src\\Illuminate\\Pipeline\\Pipeline.php(180): Illuminate\\Http\\Middleware\\TrustProxies->handle(Object(Illuminate\\Http\\Request), Object(Closure))
#41 D:\\xampp\\htdocs\\ehs-backend\\vendor\\laravel\\framework\\src\\Illuminate\\Pipeline\\Pipeline.php(116): Illuminate\\Pipeline\\Pipeline->Illuminate\\Pipeline\\{closure}(Object(Illuminate\\Http\\Request))
#42 D:\\xampp\\htdocs\\ehs-backend\\vendor\\laravel\\framework\\src\\Illuminate\\Foundation\\Http\\Kernel.php(165): Illuminate\\Pipeline\\Pipeline->then(Object(Closure))
#43 D:\\xampp\\htdocs\\ehs-backend\\vendor\\laravel\\framework\\src\\Illuminate\\Foundation\\Http\\Kernel.php(134): Illuminate\\Foundation\\Http\\Kernel->sendRequestThroughRouter(Object(Illuminate\\Http\\Request))
#44 D:\\xampp\\htdocs\\ehs-backend\\public\\index.php(51): Illuminate\\Foundation\\Http\\Kernel->handle(Object(Illuminate\\Http\\Request))
#45 D:\\xampp\\htdocs\\ehs-backend\\vendor\\laravel\\framework\\src\\Illuminate\\Foundation\\resources\\server.php(16): require_once('D:\\\\xampp\\\\htdocs...')
#46 {main}
"} 
[2026-01-22 16:26:45] local.ERROR: The resource owner or authorization server denied the request. {"exception":"[object] (League\\OAuth2\\Server\\Exception\\OAuthServerException(code: 9): The resource owner or authorization server denied the request. at D:\\xampp\\htdocs\\ehs-backend\\vendor\\league\\oauth2-server\\src\\Exception\\OAuthServerException.php:243)
[stacktrace]
#0 D:\\xampp\\htdocs\\ehs-backend\\vendor\\league\\oauth2-server\\src\\AuthorizationValidators\\BearerTokenValidator.php(108): League\\OAuth2\\Server\\Exception\\OAuthServerException::accessDenied('The JWT string ...', NULL, Object(Lcobucci\\JWT\\Token\\InvalidTokenStructure))
#1 D:\\xampp\\htdocs\\ehs-backend\\vendor\\league\\oauth2-server\\src\\ResourceServer.php(84): League\\OAuth2\\Server\\AuthorizationValidators\\BearerTokenValidator->validateAuthorization(Object(Nyholm\\Psr7\\ServerRequest))
#2 D:\\xampp\\htdocs\\ehs-backend\\vendor\\laravel\\passport\\src\\Guards\\TokenGuard.php(232): League\\OAuth2\\Server\\ResourceServer->validateAuthenticatedRequest(Object(Nyholm\\Psr7\\ServerRequest))
#3 D:\\xampp\\htdocs\\ehs-backend\\vendor\\laravel\\passport\\src\\Guards\\TokenGuard.php(178): Laravel\\Passport\\Guards\\TokenGuard->getPsrRequestViaBearerToken(Object(Illuminate\\Http\\Request))
#4 D:\\xampp\\htdocs\\ehs-backend\\vendor\\laravel\\passport\\src\\Guards\\TokenGuard.php(120): Laravel\\Passport\\Guards\\TokenGuard->authenticateViaBearerToken(Object(Illuminate\\Http\\Request))
#5 D:\\xampp\\htdocs\\ehs-backend\\app\\Http\\Controllers\\User\\UserController.php(123): Laravel\\Passport\\Guards\\TokenGuard->user()
#6 D:\\xampp\\htdocs\\ehs-backend\\vendor\\laravel\\framework\\src\\Illuminate\\Routing\\Controller.php(54): App\\Http\\Controllers\\User\\UserController->profile(Object(Illuminate\\Http\\Request))
#7 D:\\xampp\\htdocs\\ehs-backend\\vendor\\laravel\\framework\\src\\Illuminate\\Routing\\ControllerDispatcher.php(43): Illuminate\\Routing\\Controller->callAction('profile', Array)
#8 D:\\xampp\\htdocs\\ehs-backend\\vendor\\laravel\\framework\\src\\Illuminate\\Routing\\Route.php(259): Illuminate\\Routing\\ControllerDispatcher->dispatch(Object(Illuminate\\Routing\\Route), Object(App\\Http\\Controllers\\User\\UserController), 'profile')
#9 D:\\xampp\\htdocs\\ehs-backend\\vendor\\laravel\\framework\\src\\Illuminate\\Routing\\Route.php(205): Illuminate\\Routing\\Route->runController()
#10 D:\\xampp\\htdocs\\ehs-backend\\vendor\\laravel\\framework\\src\\Illuminate\\Routing\\Router.php(798): Illuminate\\Routing\\Route->run()
#11 D:\\xampp\\htdocs\\ehs-backend\\vendor\\laravel\\framework\\src\\Illuminate\\Pipeline\\Pipeline.php(141): Illuminate\\Routing\\Router->Illuminate\\Routing\\{closure}(Object(Illuminate\\Http\\Request))
#12 D:\\xampp\\htdocs\\ehs-backend\\vendor\\laravel\\framework\\src\\Illuminate\\Routing\\Middleware\\SubstituteBindings.php(50): Illuminate\\Pipeline\\Pipeline->Illuminate\\Pipeline\\{closure}(Object(Illuminate\\Http\\Request))
#13 D:\\xampp\\htdocs\\ehs-backend\\vendor\\laravel\\framework\\src\\Illuminate\\Pipeline\\Pipeline.php(180): Illuminate\\Routing\\Middleware\\SubstituteBindings->handle(Object(Illuminate\\Http\\Request), Object(Closure))
#14 D:\\xampp\\htdocs\\ehs-backend\\vendor\\laravel\\framework\\src\\Illuminate\\Routing\\Middleware\\ThrottleRequests.php(126): Illuminate\\Pipeline\\Pipeline->Illuminate\\Pipeline\\{closure}(Object(Illuminate\\Http\\Request))
#15 D:\\xampp\\htdocs\\ehs-backend\\vendor\\laravel\\framework\\src\\Illuminate\\Routing\\Middleware\\ThrottleRequests.php(92): Illuminate\\Routing\\Middleware\\ThrottleRequests->handleRequest(Object(Illuminate\\Http\\Request), Object(Closure), Array)
#16 D:\\xampp\\htdocs\\ehs-backend\\vendor\\laravel\\framework\\src\\Illuminate\\Routing\\Middleware\\ThrottleRequests.php(54): Illuminate\\Routing\\Middleware\\ThrottleRequests->handleRequestUsingNamedLimiter(Object(Illuminate\\Http\\Request), Object(Closure), 'api', Object(Closure))
#17 D:\\xampp\\htdocs\\ehs-backend\\vendor\\laravel\\framework\\src\\Illuminate\\Pipeline\\Pipeline.php(180): Illuminate\\Routing\\Middleware\\ThrottleRequests->handle(Object(Illuminate\\Http\\Request), Object(Closure), 'api')
#18 D:\\xampp\\htdocs\\ehs-backend\\vendor\\laravel\\framework\\src\\Illuminate\\Pipeline\\Pipeline.php(116): Illuminate\\Pipeline\\Pipeline->Illuminate\\Pipeline\\{closure}(Object(Illuminate\\Http\\Request))
#19 D:\\xampp\\htdocs\\ehs-backend\\vendor\\laravel\\framework\\src\\Illuminate\\Routing\\Router.php(797): Illuminate\\Pipeline\\Pipeline->then(Object(Closure))
#20 D:\\xampp\\htdocs\\ehs-backend\\vendor\\laravel\\framework\\src\\Illuminate\\Routing\\Router.php(776): Illuminate\\Routing\\Router->runRouteWithinStack(Object(Illuminate\\Routing\\Route), Object(Illuminate\\Http\\Request))
#21 D:\\xampp\\htdocs\\ehs-backend\\vendor\\laravel\\framework\\src\\Illuminate\\Routing\\Router.php(740): Illuminate\\Routing\\Router->runRoute(Object(Illuminate\\Http\\Request), Object(Illuminate\\Routing\\Route))
#22 D:\\xampp\\htdocs\\ehs-backend\\vendor\\laravel\\framework\\src\\Illuminate\\Routing\\Router.php(729): Illuminate\\Routing\\Router->dispatchToRoute(Object(Illuminate\\Http\\Request))
#23 D:\\xampp\\htdocs\\ehs-backend\\vendor\\laravel\\framework\\src\\Illuminate\\Foundation\\Http\\Kernel.php(190): Illuminate\\Routing\\Router->dispatch(Object(Illuminate\\Http\\Request))
#24 D:\\xampp\\htdocs\\ehs-backend\\vendor\\laravel\\framework\\src\\Illuminate\\Pipeline\\Pipeline.php(141): Illuminate\\Foundation\\Http\\Kernel->Illuminate\\Foundation\\Http\\{closure}(Object(Illuminate\\Http\\Request))
#25 D:\\xampp\\htdocs\\ehs-backend\\vendor\\laravel\\framework\\src\\Illuminate\\Foundation\\Http\\Middleware\\TransformsRequest.php(21): Illuminate\\Pipeline\\Pipeline->Illuminate\\Pipeline\\{closure}(Object(Illuminate\\Http\\Request))
#26 D:\\xampp\\htdocs\\ehs-backend\\vendor\\laravel\\framework\\src\\Illuminate\\Foundation\\Http\\Middleware\\ConvertEmptyStringsToNull.php(31): Illuminate\\Foundation\\Http\\Middleware\\TransformsRequest->handle(Object(Illuminate\\Http\\Request), Object(Closure))
#27 D:\\xampp\\htdocs\\ehs-backend\\vendor\\laravel\\framework\\src\\Illuminate\\Pipeline\\Pipeline.php(180): Illuminate\\Foundation\\Http\\Middleware\\ConvertEmptyStringsToNull->handle(Object(Illuminate\\Http\\Request), Object(Closure))
#28 D:\\xampp\\htdocs\\ehs-backend\\vendor\\laravel\\framework\\src\\Illuminate\\Foundation\\Http\\Middleware\\TransformsRequest.php(21): Illuminate\\Pipeline\\Pipeline->Illuminate\\Pipeline\\{closure}(Object(Illuminate\\Http\\Request))
#29 D:\\xampp\\htdocs\\ehs-backend\\vendor\\laravel\\framework\\src\\Illuminate\\Foundation\\Http\\Middleware\\TrimStrings.php(40): Illuminate\\Foundation\\Http\\Middleware\\TransformsRequest->handle(Object(Illuminate\\Http\\Request), Object(Closure))
#30 D:\\xampp\\htdocs\\ehs-backend\\vendor\\laravel\\framework\\src\\Illuminate\\Pipeline\\Pipeline.php(180): Illuminate\\Foundation\\Http\\Middleware\\TrimStrings->handle(Object(Illuminate\\Http\\Request), Object(Closure))
#31 D:\\xampp\\htdocs\\ehs-backend\\vendor\\laravel\\framework\\src\\Illuminate\\Foundation\\Http\\Middleware\\ValidatePostSize.php(27): Illuminate\\Pipeline\\Pipeline->Illuminate\\Pipeline\\{closure}(Object(Illuminate\\Http\\Request))
#32 D:\\xampp\\htdocs\\ehs-backend\\vendor\\laravel\\framework\\src\\Illuminate\\Pipeline\\Pipeline.php(180): Illuminate\\Foundation\\Http\\Middleware\\ValidatePostSize->handle(Object(Illuminate\\Http\\Request), Object(Closure))
#33 D:\\xampp\\htdocs\\ehs-backend\\vendor\\laravel\\framework\\src\\Illuminate\\Foundation\\Http\\Middleware\\PreventRequestsDuringMaintenance.php(86): Illuminate\\Pipeline\\Pipeline->Illuminate\\Pipeline\\{closure}(Object(Illuminate\\Http\\Request))
#34 D:\\xampp\\htdocs\\ehs-backend\\vendor\\laravel\\framework\\src\\Illuminate\\Pipeline\\Pipeline.php(180): Illuminate\\Foundation\\Http\\Middleware\\PreventRequestsDuringMaintenance->handle(Object(Illuminate\\Http\\Request), Object(Closure))
#35 D:\\xampp\\htdocs\\ehs-backend\\vendor\\laravel\\framework\\src\\Illuminate\\Http\\Middleware\\HandleCors.php(62): Illuminate\\Pipeline\\Pipeline->Illuminate\\Pipeline\\{closure}(Object(Illuminate\\Http\\Request))
#36 D:\\xampp\\htdocs\\ehs-backend\\vendor\\laravel\\framework\\src\\Illuminate\\Pipeline\\Pipeline.php(180): Illuminate\\Http\\Middleware\\HandleCors->handle(Object(Illuminate\\Http\\Request), Object(Closure))
#37 D:\\xampp\\htdocs\\ehs-backend\\vendor\\laravel\\framework\\src\\Illuminate\\Http\\Middleware\\TrustProxies.php(39): Illuminate\\Pipeline\\Pipeline->Illuminate\\Pipeline\\{closure}(Object(Illuminate\\Http\\Request))
#38 D:\\xampp\\htdocs\\ehs-backend\\vendor\\laravel\\framework\\src\\Illuminate\\Pipeline\\Pipeline.php(180): Illuminate\\Http\\Middleware\\TrustProxies->handle(Object(Illuminate\\Http\\Request), Object(Closure))
#39 D:\\xampp\\htdocs\\ehs-backend\\vendor\\laravel\\framework\\src\\Illuminate\\Pipeline\\Pipeline.php(116): Illuminate\\Pipeline\\Pipeline->Illuminate\\Pipeline\\{closure}(Object(Illuminate\\Http\\Request))
#40 D:\\xampp\\htdocs\\ehs-backend\\vendor\\laravel\\framework\\src\\Illuminate\\Foundation\\Http\\Kernel.php(165): Illuminate\\Pipeline\\Pipeline->then(Object(Closure))
#41 D:\\xampp\\htdocs\\ehs-backend\\vendor\\laravel\\framework\\src\\Illuminate\\Foundation\\Http\\Kernel.php(134): Illuminate\\Foundation\\Http\\Kernel->sendRequestThroughRouter(Object(Illuminate\\Http\\Request))
#42 D:\\xampp\\htdocs\\ehs-backend\\public\\index.php(51): Illuminate\\Foundation\\Http\\Kernel->handle(Object(Illuminate\\Http\\Request))
#43 D:\\xampp\\htdocs\\ehs-backend\\vendor\\laravel\\framework\\src\\Illuminate\\Foundation\\resources\\server.php(16): require_once('D:\\\\xampp\\\\htdocs...')
#44 {main}

[previous exception] [object] (Lcobucci\\JWT\\Token\\InvalidTokenStructure(code: 0): The JWT string must have two dots at D:\\xampp\\htdocs\\ehs-backend\\vendor\\lcobucci\\jwt\\src\\Token\\InvalidTokenStructure.php:13)
[stacktrace]
#0 D:\\xampp\\htdocs\\ehs-backend\\vendor\\lcobucci\\jwt\\src\\Token\\Parser.php(54): Lcobucci\\JWT\\Token\\InvalidTokenStructure::missingOrNotEnoughSeparators()
#1 D:\\xampp\\htdocs\\ehs-backend\\vendor\\lcobucci\\jwt\\src\\Token\\Parser.php(31): Lcobucci\\JWT\\Token\\Parser->splitJwt('undefined')
#2 D:\\xampp\\htdocs\\ehs-backend\\vendor\\league\\oauth2-server\\src\\AuthorizationValidators\\BearerTokenValidator.php(106): Lcobucci\\JWT\\Token\\Parser->parse('undefined')
#3 D:\\xampp\\htdocs\\ehs-backend\\vendor\\league\\oauth2-server\\src\\ResourceServer.php(84): League\\OAuth2\\Server\\AuthorizationValidators\\BearerTokenValidator->validateAuthorization(Object(Nyholm\\Psr7\\ServerRequest))
#4 D:\\xampp\\htdocs\\ehs-backend\\vendor\\laravel\\passport\\src\\Guards\\TokenGuard.php(232): League\\OAuth2\\Server\\ResourceServer->validateAuthenticatedRequest(Object(Nyholm\\Psr7\\ServerRequest))
#5 D:\\xampp\\htdocs\\ehs-backend\\vendor\\laravel\\passport\\src\\Guards\\TokenGuard.php(178): Laravel\\Passport\\Guards\\TokenGuard->getPsrRequestViaBearerToken(Object(Illuminate\\Http\\Request))
#6 D:\\xampp\\htdocs\\ehs-backend\\vendor\\laravel\\passport\\src\\Guards\\TokenGuard.php(120): Laravel\\Passport\\Guards\\TokenGuard->authenticateViaBearerToken(Object(Illuminate\\Http\\Request))
#7 D:\\xampp\\htdocs\\ehs-backend\\app\\Http\\Controllers\\User\\UserController.php(123): Laravel\\Passport\\Guards\\TokenGuard->user()
#8 D:\\xampp\\htdocs\\ehs-backend\\vendor\\laravel\\framework\\src\\Illuminate\\Routing\\Controller.php(54): App\\Http\\Controllers\\User\\UserController->profile(Object(Illuminate\\Http\\Request))
#9 D:\\xampp\\htdocs\\ehs-backend\\vendor\\laravel\\framework\\src\\Illuminate\\Routing\\ControllerDispatcher.php(43): Illuminate\\Routing\\Controller->callAction('profile', Array)
#10 D:\\xampp\\htdocs\\ehs-backend\\vendor\\laravel\\framework\\src\\Illuminate\\Routing\\Route.php(259): Illuminate\\Routing\\ControllerDispatcher->dispatch(Object(Illuminate\\Routing\\Route), Object(App\\Http\\Controllers\\User\\UserController), 'profile')
#11 D:\\xampp\\htdocs\\ehs-backend\\vendor\\laravel\\framework\\src\\Illuminate\\Routing\\Route.php(205): Illuminate\\Routing\\Route->runController()
#12 D:\\xampp\\htdocs\\ehs-backend\\vendor\\laravel\\framework\\src\\Illuminate\\Routing\\Router.php(798): Illuminate\\Routing\\Route->run()
#13 D:\\xampp\\htdocs\\ehs-backend\\vendor\\laravel\\framework\\src\\Illuminate\\Pipeline\\Pipeline.php(141): Illuminate\\Routing\\Router->Illuminate\\Routing\\{closure}(Object(Illuminate\\Http\\Request))
#14 D:\\xampp\\htdocs\\ehs-backend\\vendor\\laravel\\framework\\src\\Illuminate\\Routing\\Middleware\\SubstituteBindings.php(50): Illuminate\\Pipeline\\Pipeline->Illuminate\\Pipeline\\{closure}(Object(Illuminate\\Http\\Request))
#15 D:\\xampp\\htdocs\\ehs-backend\\vendor\\laravel\\framework\\src\\Illuminate\\Pipeline\\Pipeline.php(180): Illuminate\\Routing\\Middleware\\SubstituteBindings->handle(Object(Illuminate\\Http\\Request), Object(Closure))
#16 D:\\xampp\\htdocs\\ehs-backend\\vendor\\laravel\\framework\\src\\Illuminate\\Routing\\Middleware\\ThrottleRequests.php(126): Illuminate\\Pipeline\\Pipeline->Illuminate\\Pipeline\\{closure}(Object(Illuminate\\Http\\Request))
#17 D:\\xampp\\htdocs\\ehs-backend\\vendor\\laravel\\framework\\src\\Illuminate\\Routing\\Middleware\\ThrottleRequests.php(92): Illuminate\\Routing\\Middleware\\ThrottleRequests->handleRequest(Object(Illuminate\\Http\\Request), Object(Closure), Array)
#18 D:\\xampp\\htdocs\\ehs-backend\\vendor\\laravel\\framework\\src\\Illuminate\\Routing\\Middleware\\ThrottleRequests.php(54): Illuminate\\Routing\\Middleware\\ThrottleRequests->handleRequestUsingNamedLimiter(Object(Illuminate\\Http\\Request), Object(Closure), 'api', Object(Closure))
#19 D:\\xampp\\htdocs\\ehs-backend\\vendor\\laravel\\framework\\src\\Illuminate\\Pipeline\\Pipeline.php(180): Illuminate\\Routing\\Middleware\\ThrottleRequests->handle(Object(Illuminate\\Http\\Request), Object(Closure), 'api')
#20 D:\\xampp\\htdocs\\ehs-backend\\vendor\\laravel\\framework\\src\\Illuminate\\Pipeline\\Pipeline.php(116): Illuminate\\Pipeline\\Pipeline->Illuminate\\Pipeline\\{closure}(Object(Illuminate\\Http\\Request))
#21 D:\\xampp\\htdocs\\ehs-backend\\vendor\\laravel\\framework\\src\\Illuminate\\Routing\\Router.php(797): Illuminate\\Pipeline\\Pipeline->then(Object(Closure))
#22 D:\\xampp\\htdocs\\ehs-backend\\vendor\\laravel\\framework\\src\\Illuminate\\Routing\\Router.php(776): Illuminate\\Routing\\Router->runRouteWithinStack(Object(Illuminate\\Routing\\Route), Object(Illuminate\\Http\\Request))
#23 D:\\xampp\\htdocs\\ehs-backend\\vendor\\laravel\\framework\\src\\Illuminate\\Routing\\Router.php(740): Illuminate\\Routing\\Router->runRoute(Object(Illuminate\\Http\\Request), Object(Illuminate\\Routing\\Route))
#24 D:\\xampp\\htdocs\\ehs-backend\\vendor\\laravel\\framework\\src\\Illuminate\\Routing\\Router.php(729): Illuminate\\Routing\\Router->dispatchToRoute(Object(Illuminate\\Http\\Request))
#25 D:\\xampp\\htdocs\\ehs-backend\\vendor\\laravel\\framework\\src\\Illuminate\\Foundation\\Http\\Kernel.php(190): Illuminate\\Routing\\Router->dispatch(Object(Illuminate\\Http\\Request))
#26 D:\\xampp\\htdocs\\ehs-backend\\vendor\\laravel\\framework\\src\\Illuminate\\Pipeline\\Pipeline.php(141): Illuminate\\Foundation\\Http\\Kernel->Illuminate\\Foundation\\Http\\{closure}(Object(Illuminate\\Http\\Request))
#27 D:\\xampp\\htdocs\\ehs-backend\\vendor\\laravel\\framework\\src\\Illuminate\\Foundation\\Http\\Middleware\\TransformsRequest.php(21): Illuminate\\Pipeline\\Pipeline->Illuminate\\Pipeline\\{closure}(Object(Illuminate\\Http\\Request))
#28 D:\\xampp\\htdocs\\ehs-backend\\vendor\\laravel\\framework\\src\\Illuminate\\Foundation\\Http\\Middleware\\ConvertEmptyStringsToNull.php(31): Illuminate\\Foundation\\Http\\Middleware\\TransformsRequest->handle(Object(Illuminate\\Http\\Request), Object(Closure))
#29 D:\\xampp\\htdocs\\ehs-backend\\vendor\\laravel\\framework\\src\\Illuminate\\Pipeline\\Pipeline.php(180): Illuminate\\Foundation\\Http\\Middleware\\ConvertEmptyStringsToNull->handle(Object(Illuminate\\Http\\Request), Object(Closure))
#30 D:\\xampp\\htdocs\\ehs-backend\\vendor\\laravel\\framework\\src\\Illuminate\\Foundation\\Http\\Middleware\\TransformsRequest.php(21): Illuminate\\Pipeline\\Pipeline->Illuminate\\Pipeline\\{closure}(Object(Illuminate\\Http\\Request))
#31 D:\\xampp\\htdocs\\ehs-backend\\vendor\\laravel\\framework\\src\\Illuminate\\Foundation\\Http\\Middleware\\TrimStrings.php(40): Illuminate\\Foundation\\Http\\Middleware\\TransformsRequest->handle(Object(Illuminate\\Http\\Request), Object(Closure))
#32 D:\\xampp\\htdocs\\ehs-backend\\vendor\\laravel\\framework\\src\\Illuminate\\Pipeline\\Pipeline.php(180): Illuminate\\Foundation\\Http\\Middleware\\TrimStrings->handle(Object(Illuminate\\Http\\Request), Object(Closure))
#33 D:\\xampp\\htdocs\\ehs-backend\\vendor\\laravel\\framework\\src\\Illuminate\\Foundation\\Http\\Middleware\\ValidatePostSize.php(27): Illuminate\\Pipeline\\Pipeline->Illuminate\\Pipeline\\{closure}(Object(Illuminate\\Http\\Request))
#34 D:\\xampp\\htdocs\\ehs-backend\\vendor\\laravel\\framework\\src\\Illuminate\\Pipeline\\Pipeline.php(180): Illuminate\\Foundation\\Http\\Middleware\\ValidatePostSize->handle(Object(Illuminate\\Http\\Request), Object(Closure))
#35 D:\\xampp\\htdocs\\ehs-backend\\vendor\\laravel\\framework\\src\\Illuminate\\Foundation\\Http\\Middleware\\PreventRequestsDuringMaintenance.php(86): Illuminate\\Pipeline\\Pipeline->Illuminate\\Pipeline\\{closure}(Object(Illuminate\\Http\\Request))
#36 D:\\xampp\\htdocs\\ehs-backend\\vendor\\laravel\\framework\\src\\Illuminate\\Pipeline\\Pipeline.php(180): Illuminate\\Foundation\\Http\\Middleware\\PreventRequestsDuringMaintenance->handle(Object(Illuminate\\Http\\Request), Object(Closure))
#37 D:\\xampp\\htdocs\\ehs-backend\\vendor\\laravel\\framework\\src\\Illuminate\\Http\\Middleware\\HandleCors.php(62): Illuminate\\Pipeline\\Pipeline->Illuminate\\Pipeline\\{closure}(Object(Illuminate\\Http\\Request))
#38 D:\\xampp\\htdocs\\ehs-backend\\vendor\\laravel\\framework\\src\\Illuminate\\Pipeline\\Pipeline.php(180): Illuminate\\Http\\Middleware\\HandleCors->handle(Object(Illuminate\\Http\\Request), Object(Closure))
#39 D:\\xampp\\htdocs\\ehs-backend\\vendor\\laravel\\framework\\src\\Illuminate\\Http\\Middleware\\TrustProxies.php(39): Illuminate\\Pipeline\\Pipeline->Illuminate\\Pipeline\\{closure}(Object(Illuminate\\Http\\Request))
#40 D:\\xampp\\htdocs\\ehs-backend\\vendor\\laravel\\framework\\src\\Illuminate\\Pipeline\\Pipeline.php(180): Illuminate\\Http\\Middleware\\TrustProxies->handle(Object(Illuminate\\Http\\Request), Object(Closure))
#41 D:\\xampp\\htdocs\\ehs-backend\\vendor\\laravel\\framework\\src\\Illuminate\\Pipeline\\Pipeline.php(116): Illuminate\\Pipeline\\Pipeline->Illuminate\\Pipeline\\{closure}(Object(Illuminate\\Http\\Request))
#42 D:\\xampp\\htdocs\\ehs-backend\\vendor\\laravel\\framework\\src\\Illuminate\\Foundation\\Http\\Kernel.php(165): Illuminate\\Pipeline\\Pipeline->then(Object(Closure))
#43 D:\\xampp\\htdocs\\ehs-backend\\vendor\\laravel\\framework\\src\\Illuminate\\Foundation\\Http\\Kernel.php(134): Illuminate\\Foundation\\Http\\Kernel->sendRequestThroughRouter(Object(Illuminate\\Http\\Request))
#44 D:\\xampp\\htdocs\\ehs-backend\\public\\index.php(51): Illuminate\\Foundation\\Http\\Kernel->handle(Object(Illuminate\\Http\\Request))
#45 D:\\xampp\\htdocs\\ehs-backend\\vendor\\laravel\\framework\\src\\Illuminate\\Foundation\\resources\\server.php(16): require_once('D:\\\\xampp\\\\htdocs...')
#46 {main}
"} 
[2026-01-22 16:27:31] local.ERROR: EHS Staff  
[2026-01-22 16:27:31] local.ERROR: EHS-2025-0025  
[2026-01-22 16:27:31] local.ERROR:   
[2026-01-22 16:34:06] local.ERROR: EHS Staff  
[2026-01-22 16:34:06] local.ERROR: EHS-2025-0026  
[2026-01-22 16:34:06] local.ERROR:   
[2026-01-22 16:34:09] local.ERROR: PDOException: SQLSTATE[HY000] [2002] No connection could be made because the target machine actively refused it in D:\xampp\htdocs\ehs-backend\vendor\laravel\framework\src\Illuminate\Database\Connectors\Connector.php:70
Stack trace:
#0 D:\xampp\htdocs\ehs-backend\vendor\laravel\framework\src\Illuminate\Database\Connectors\Connector.php(70): PDO->__construct('mysql:host=127....', 'root', Object(SensitiveParameterValue), Array)
#1 D:\xampp\htdocs\ehs-backend\vendor\laravel\framework\src\Illuminate\Database\Connectors\Connector.php(45): Illuminate\Database\Connectors\Connector->createPdoConnection('mysql:host=127....', 'root', '', Array)
#2 D:\xampp\htdocs\ehs-backend\vendor\laravel\framework\src\Illuminate\Database\Connectors\MySqlConnector.php(24): Illuminate\Database\Connectors\Connector->createConnection('mysql:host=127....', Array, Array)
#3 D:\xampp\htdocs\ehs-backend\vendor\laravel\framework\src\Illuminate\Database\Connectors\ConnectionFactory.php(184): Illuminate\Database\Connectors\MySqlConnector->connect(Array)
#4 [internal function]: Illuminate\Database\Connectors\ConnectionFactory->Illuminate\Database\Connectors\{closure}()
#5 D:\xampp\htdocs\ehs-backend\vendor\laravel\framework\src\Illuminate\Database\Connection.php(1181): call_user_func(Object(Closure))
#6 D:\xampp\htdocs\ehs-backend\vendor\laravel\framework\src\Illuminate\Database\Connection.php(1217): Illuminate\Database\Connection->getPdo()
#7 D:\xampp\htdocs\ehs-backend\vendor\laravel\framework\src\Illuminate\Database\Connection.php(486): Illuminate\Database\Connection->getReadPdo()
#8 D:\xampp\htdocs\ehs-backend\vendor\laravel\framework\src\Illuminate\Database\Connection.php(414): Illuminate\Database\Connection->getPdoForSelect(true)
#9 D:\xampp\htdocs\ehs-backend\vendor\laravel\framework\src\Illuminate\Database\Connection.php(753): Illuminate\Database\Connection->Illuminate\Database\{closure}('select * from `...', Array)
#10 D:\xampp\htdocs\ehs-backend\vendor\laravel\framework\src\Illuminate\Database\Connection.php(720): Illuminate\Database\Connection->runQueryCallback('select * from `...', Array, Object(Closure))
#11 D:\xampp\htdocs\ehs-backend\vendor\laravel\framework\src\Illuminate\Database\Connection.php(405): Illuminate\Database\Connection->run('select * from `...', Array, Object(Closure))
#12 D:\xampp\htdocs\ehs-backend\vendor\laravel\framework\src\Illuminate\Database\Query\Builder.php(2705): Illuminate\Database\Connection->select('select * from `...', Array, true)
#13 D:\xampp\htdocs\ehs-backend\vendor\laravel\framework\src\Illuminate\Database\Query\Builder.php(2694): Illuminate\Database\Query\Builder->runSelect()
#14 D:\xampp\htdocs\ehs-backend\vendor\laravel\framework\src\Illuminate\Database\Query\Builder.php(3230): Illuminate\Database\Query\Builder->Illuminate\Database\Query\{closure}()
#15 D:\xampp\htdocs\ehs-backend\vendor\laravel\framework\src\Illuminate\Database\Query\Builder.php(2693): Illuminate\Database\Query\Builder->onceWithColumns(Array, Object(Closure))
#16 D:\xampp\htdocs\ehs-backend\vendor\laravel\framework\src\Illuminate\Database\Eloquent\Builder.php(710): Illuminate\Database\Query\Builder->get(Array)
#17 D:\xampp\htdocs\ehs-backend\vendor\laravel\framework\src\Illuminate\Database\Eloquent\Builder.php(694): Illuminate\Database\Eloquent\Builder->getModels(Array)
#18 D:\xampp\htdocs\ehs-backend\vendor\laravel\framework\src\Illuminate\Database\Concerns\BuildsQueries.php(296): Illuminate\Database\Eloquent\Builder->get(Array)
#19 D:\xampp\htdocs\ehs-backend\app\Services\Facades\UserFacade.php(93): Illuminate\Database\Eloquent\Builder->first()
#20 D:\xampp\htdocs\ehs-backend\app\Services\Facades\UserFacade.php(69): App\Services\Facades\UserFacade->getCode('EHS-2025-0026')
#21 D:\xampp\htdocs\ehs-backend\app\Http\Controllers\User\UserController.php(202): App\Services\Facades\UserFacade->store(Object(Illuminate\Http\Request))
#22 D:\xampp\htdocs\ehs-backend\vendor\laravel\framework\src\Illuminate\Routing\Controller.php(54): App\Http\Controllers\User\UserController->store(Object(Illuminate\Http\Request))
#23 D:\xampp\htdocs\ehs-backend\vendor\laravel\framework\src\Illuminate\Routing\ControllerDispatcher.php(43): Illuminate\Routing\Controller->callAction('store', Array)
#24 D:\xampp\htdocs\ehs-backend\vendor\laravel\framework\src\Illuminate\Routing\Route.php(259): Illuminate\Routing\ControllerDispatcher->dispatch(Object(Illuminate\Routing\Route), Object(App\Http\Controllers\User\UserController), 'store')
#25 D:\xampp\htdocs\ehs-backend\vendor\laravel\framework\src\Illuminate\Routing\Route.php(205): Illuminate\Routing\Route->runController()
#26 D:\xampp\htdocs\ehs-backend\vendor\laravel\framework\src\Illuminate\Routing\Router.php(798): Illuminate\Routing\Route->run()
#27 D:\xampp\htdocs\ehs-backend\vendor\laravel\framework\src\Illuminate\Pipeline\Pipeline.php(141): Illuminate\Routing\Router->Illuminate\Routing\{closure}(Object(Illuminate\Http\Request))
#28 D:\xampp\htdocs\ehs-backend\vendor\laravel\framework\src\Illuminate\Routing\Middleware\SubstituteBindings.php(50): Illuminate\Pipeline\Pipeline->Illuminate\Pipeline\{closure}(Object(Illuminate\Http\Request))
#29 D:\xampp\htdocs\ehs-backend\vendor\laravel\framework\src\Illuminate\Pipeline\Pipeline.php(180): Illuminate\Routing\Middleware\SubstituteBindings->handle(Object(Illuminate\Http\Request), Object(Closure))
#30 D:\xampp\htdocs\ehs-backend\vendor\laravel\framework\src\Illuminate\Routing\Middleware\ThrottleRequests.php(126): Illuminate\Pipeline\Pipeline->Illuminate\Pipeline\{closure}(Object(Illuminate\Http\Request))
#31 D:\xampp\htdocs\ehs-backend\vendor\laravel\framework\src\Illuminate\Routing\Middleware\ThrottleRequests.php(92): Illuminate\Routing\Middleware\ThrottleRequests->handleRequest(Object(Illuminate\Http\Request), Object(Closure), Array)
#32 D:\xampp\htdocs\ehs-backend\vendor\laravel\framework\src\Illuminate\Routing\Middleware\ThrottleRequests.php(54): Illuminate\Routing\Middleware\ThrottleRequests->handleRequestUsingNamedLimiter(Object(Illuminate\Http\Request), Object(Closure), 'api', Object(Closure))
#33 D:\xampp\htdocs\ehs-backend\vendor\laravel\framework\src\Illuminate\Pipeline\Pipeline.php(180): Illuminate\Routing\Middleware\ThrottleRequests->handle(Object(Illuminate\Http\Request), Object(Closure), 'api')
#34 D:\xampp\htdocs\ehs-backend\vendor\laravel\framework\src\Illuminate\Pipeline\Pipeline.php(116): Illuminate\Pipeline\Pipeline->Illuminate\Pipeline\{closure}(Object(Illuminate\Http\Request))
#35 D:\xampp\htdocs\ehs-backend\vendor\laravel\framework\src\Illuminate\Routing\Router.php(797): Illuminate\Pipeline\Pipeline->then(Object(Closure))
#36 D:\xampp\htdocs\ehs-backend\vendor\laravel\framework\src\Illuminate\Routing\Router.php(776): Illuminate\Routing\Router->runRouteWithinStack(Object(Illuminate\Routing\Route), Object(Illuminate\Http\Request))
#37 D:\xampp\htdocs\ehs-backend\vendor\laravel\framework\src\Illuminate\Routing\Router.php(740): Illuminate\Routing\Router->runRoute(Object(Illuminate\Http\Request), Object(Illuminate\Routing\Route))
#38 D:\xampp\htdocs\ehs-backend\vendor\laravel\framework\src\Illuminate\Routing\Router.php(729): Illuminate\Routing\Router->dispatchToRoute(Object(Illuminate\Http\Request))
#39 D:\xampp\htdocs\ehs-backend\vendor\laravel\framework\src\Illuminate\Foundation\Http\Kernel.php(190): Illuminate\Routing\Router->dispatch(Object(Illuminate\Http\Request))
#40 D:\xampp\htdocs\ehs-backend\vendor\laravel\framework\src\Illuminate\Pipeline\Pipeline.php(141): Illuminate\Foundation\Http\Kernel->Illuminate\Foundation\Http\{closure}(Object(Illuminate\Http\Request))
#41 D:\xampp\htdocs\ehs-backend\vendor\laravel\framework\src\Illuminate\Foundation\Http\Middleware\TransformsRequest.php(21): Illuminate\Pipeline\Pipeline->Illuminate\Pipeline\{closure}(Object(Illuminate\Http\Request))
#42 D:\xampp\htdocs\ehs-backend\vendor\laravel\framework\src\Illuminate\Foundation\Http\Middleware\ConvertEmptyStringsToNull.php(31): Illuminate\Foundation\Http\Middleware\TransformsRequest->handle(Object(Illuminate\Http\Request), Object(Closure))
#43 D:\xampp\htdocs\ehs-backend\vendor\laravel\framework\src\Illuminate\Pipeline\Pipeline.php(180): Illuminate\Foundation\Http\Middleware\ConvertEmptyStringsToNull->handle(Object(Illuminate\Http\Request), Object(Closure))
#44 D:\xampp\htdocs\ehs-backend\vendor\laravel\framework\src\Illuminate\Foundation\Http\Middleware\TransformsRequest.php(21): Illuminate\Pipeline\Pipeline->Illuminate\Pipeline\{closure}(Object(Illuminate\Http\Request))
#45 D:\xampp\htdocs\ehs-backend\vendor\laravel\framework\src\Illuminate\Foundation\Http\Middleware\TrimStrings.php(40): Illuminate\Foundation\Http\Middleware\TransformsRequest->handle(Object(Illuminate\Http\Request), Object(Closure))
#46 D:\xampp\htdocs\ehs-backend\vendor\laravel\framework\src\Illuminate\Pipeline\Pipeline.php(180): Illuminate\Foundation\Http\Middleware\TrimStrings->handle(Object(Illuminate\Http\Request), Object(Closure))
#47 D:\xampp\htdocs\ehs-backend\vendor\laravel\framework\src\Illuminate\Foundation\Http\Middleware\ValidatePostSize.php(27): Illuminate\Pipeline\Pipeline->Illuminate\Pipeline\{closure}(Object(Illuminate\Http\Request))
#48 D:\xampp\htdocs\ehs-backend\vendor\laravel\framework\src\Illuminate\Pipeline\Pipeline.php(180): Illuminate\Foundation\Http\Middleware\ValidatePostSize->handle(Object(Illuminate\Http\Request), Object(Closure))
#49 D:\xampp\htdocs\ehs-backend\vendor\laravel\framework\src\Illuminate\Foundation\Http\Middleware\PreventRequestsDuringMaintenance.php(86): Illuminate\Pipeline\Pipeline->Illuminate\Pipeline\{closure}(Object(Illuminate\Http\Request))
#50 D:\xampp\htdocs\ehs-backend\vendor\laravel\framework\src\Illuminate\Pipeline\Pipeline.php(180): Illuminate\Foundation\Http\Middleware\PreventRequestsDuringMaintenance->handle(Object(Illuminate\Http\Request), Object(Closure))
#51 D:\xampp\htdocs\ehs-backend\vendor\laravel\framework\src\Illuminate\Http\Middleware\HandleCors.php(62): Illuminate\Pipeline\Pipeline->Illuminate\Pipeline\{closure}(Object(Illuminate\Http\Request))
#52 D:\xampp\htdocs\ehs-backend\vendor\laravel\framework\src\Illuminate\Pipeline\Pipeline.php(180): Illuminate\Http\Middleware\HandleCors->handle(Object(Illuminate\Http\Request), Object(Closure))
#53 D:\xampp\htdocs\ehs-backend\vendor\laravel\framework\src\Illuminate\Http\Middleware\TrustProxies.php(39): Illuminate\Pipeline\Pipeline->Illuminate\Pipeline\{closure}(Object(Illuminate\Http\Request))
#54 D:\xampp\htdocs\ehs-backend\vendor\laravel\framework\src\Illuminate\Pipeline\Pipeline.php(180): Illuminate\Http\Middleware\TrustProxies->handle(Object(Illuminate\Http\Request), Object(Closure))
#55 D:\xampp\htdocs\ehs-backend\vendor\laravel\framework\src\Illuminate\Pipeline\Pipeline.php(116): Illuminate\Pipeline\Pipeline->Illuminate\Pipeline\{closure}(Object(Illuminate\Http\Request))
#56 D:\xampp\htdocs\ehs-backend\vendor\laravel\framework\src\Illuminate\Foundation\Http\Kernel.php(165): Illuminate\Pipeline\Pipeline->then(Object(Closure))
#57 D:\xampp\htdocs\ehs-backend\vendor\laravel\framework\src\Illuminate\Foundation\Http\Kernel.php(134): Illuminate\Foundation\Http\Kernel->sendRequestThroughRouter(Object(Illuminate\Http\Request))
#58 D:\xampp\htdocs\ehs-backend\public\index.php(51): Illuminate\Foundation\Http\Kernel->handle(Object(Illuminate\Http\Request))
#59 D:\xampp\htdocs\ehs-backend\vendor\laravel\framework\src\Illuminate\Foundation\resources\server.php(16): require_once('D:\\xampp\\htdocs...')
#60 {main}

Next Illuminate\Database\QueryException: SQLSTATE[HY000] [2002] No connection could be made because the target machine actively refused it (SQL: select * from `user_codes` where (`code` = EHS-2025-0026) limit 1) in D:\xampp\htdocs\ehs-backend\vendor\laravel\framework\src\Illuminate\Database\Connection.php:760
Stack trace:
#0 D:\xampp\htdocs\ehs-backend\vendor\laravel\framework\src\Illuminate\Database\Connection.php(720): Illuminate\Database\Connection->runQueryCallback('select * from `...', Array, Object(Closure))
#1 D:\xampp\htdocs\ehs-backend\vendor\laravel\framework\src\Illuminate\Database\Connection.php(405): Illuminate\Database\Connection->run('select * from `...', Array, Object(Closure))
#2 D:\xampp\htdocs\ehs-backend\vendor\laravel\framework\src\Illuminate\Database\Query\Builder.php(2705): Illuminate\Database\Connection->select('select * from `...', Array, true)
#3 D:\xampp\htdocs\ehs-backend\vendor\laravel\framework\src\Illuminate\Database\Query\Builder.php(2694): Illuminate\Database\Query\Builder->runSelect()
#4 D:\xampp\htdocs\ehs-backend\vendor\laravel\framework\src\Illuminate\Database\Query\Builder.php(3230): Illuminate\Database\Query\Builder->Illuminate\Database\Query\{closure}()
#5 D:\xampp\htdocs\ehs-backend\vendor\laravel\framework\src\Illuminate\Database\Query\Builder.php(2693): Illuminate\Database\Query\Builder->onceWithColumns(Array, Object(Closure))
#6 D:\xampp\htdocs\ehs-backend\vendor\laravel\framework\src\Illuminate\Database\Eloquent\Builder.php(710): Illuminate\Database\Query\Builder->get(Array)
#7 D:\xampp\htdocs\ehs-backend\vendor\laravel\framework\src\Illuminate\Database\Eloquent\Builder.php(694): Illuminate\Database\Eloquent\Builder->getModels(Array)
#8 D:\xampp\htdocs\ehs-backend\vendor\laravel\framework\src\Illuminate\Database\Concerns\BuildsQueries.php(296): Illuminate\Database\Eloquent\Builder->get(Array)
#9 D:\xampp\htdocs\ehs-backend\app\Services\Facades\UserFacade.php(93): Illuminate\Database\Eloquent\Builder->first()
#10 D:\xampp\htdocs\ehs-backend\app\Services\Facades\UserFacade.php(69): App\Services\Facades\UserFacade->getCode('EHS-2025-0026')
#11 D:\xampp\htdocs\ehs-backend\app\Http\Controllers\User\UserController.php(202): App\Services\Facades\UserFacade->store(Object(Illuminate\Http\Request))
#12 D:\xampp\htdocs\ehs-backend\vendor\laravel\framework\src\Illuminate\Routing\Controller.php(54): App\Http\Controllers\User\UserController->store(Object(Illuminate\Http\Request))
#13 D:\xampp\htdocs\ehs-backend\vendor\laravel\framework\src\Illuminate\Routing\ControllerDispatcher.php(43): Illuminate\Routing\Controller->callAction('store', Array)
#14 D:\xampp\htdocs\ehs-backend\vendor\laravel\framework\src\Illuminate\Routing\Route.php(259): Illuminate\Routing\ControllerDispatcher->dispatch(Object(Illuminate\Routing\Route), Object(App\Http\Controllers\User\UserController), 'store')
#15 D:\xampp\htdocs\ehs-backend\vendor\laravel\framework\src\Illuminate\Routing\Route.php(205): Illuminate\Routing\Route->runController()
#16 D:\xampp\htdocs\ehs-backend\vendor\laravel\framework\src\Illuminate\Routing\Router.php(798): Illuminate\Routing\Route->run()
#17 D:\xampp\htdocs\ehs-backend\vendor\laravel\framework\src\Illuminate\Pipeline\Pipeline.php(141): Illuminate\Routing\Router->Illuminate\Routing\{closure}(Object(Illuminate\Http\Request))
#18 D:\xampp\htdocs\ehs-backend\vendor\laravel\framework\src\Illuminate\Routing\Middleware\SubstituteBindings.php(50): Illuminate\Pipeline\Pipeline->Illuminate\Pipeline\{closure}(Object(Illuminate\Http\Request))
#19 D:\xampp\htdocs\ehs-backend\vendor\laravel\framework\src\Illuminate\Pipeline\Pipeline.php(180): Illuminate\Routing\Middleware\SubstituteBindings->handle(Object(Illuminate\Http\Request), Object(Closure))
#20 D:\xampp\htdocs\ehs-backend\vendor\laravel\framework\src\Illuminate\Routing\Middleware\ThrottleRequests.php(126): Illuminate\Pipeline\Pipeline->Illuminate\Pipeline\{closure}(Object(Illuminate\Http\Request))
#21 D:\xampp\htdocs\ehs-backend\vendor\laravel\framework\src\Illuminate\Routing\Middleware\ThrottleRequests.php(92): Illuminate\Routing\Middleware\ThrottleRequests->handleRequest(Object(Illuminate\Http\Request), Object(Closure), Array)
#22 D:\xampp\htdocs\ehs-backend\vendor\laravel\framework\src\Illuminate\Routing\Middleware\ThrottleRequests.php(54): Illuminate\Routing\Middleware\ThrottleRequests->handleRequestUsingNamedLimiter(Object(Illuminate\Http\Request), Object(Closure), 'api', Object(Closure))
#23 D:\xampp\htdocs\ehs-backend\vendor\laravel\framework\src\Illuminate\Pipeline\Pipeline.php(180): Illuminate\Routing\Middleware\ThrottleRequests->handle(Object(Illuminate\Http\Request), Object(Closure), 'api')
#24 D:\xampp\htdocs\ehs-backend\vendor\laravel\framework\src\Illuminate\Pipeline\Pipeline.php(116): Illuminate\Pipeline\Pipeline->Illuminate\Pipeline\{closure}(Object(Illuminate\Http\Request))
#25 D:\xampp\htdocs\ehs-backend\vendor\laravel\framework\src\Illuminate\Routing\Router.php(797): Illuminate\Pipeline\Pipeline->then(Object(Closure))
#26 D:\xampp\htdocs\ehs-backend\vendor\laravel\framework\src\Illuminate\Routing\Router.php(776): Illuminate\Routing\Router->runRouteWithinStack(Object(Illuminate\Routing\Route), Object(Illuminate\Http\Request))
#27 D:\xampp\htdocs\ehs-backend\vendor\laravel\framework\src\Illuminate\Routing\Router.php(740): Illuminate\Routing\Router->runRoute(Object(Illuminate\Http\Request), Object(Illuminate\Routing\Route))
#28 D:\xampp\htdocs\ehs-backend\vendor\laravel\framework\src\Illuminate\Routing\Router.php(729): Illuminate\Routing\Router->dispatchToRoute(Object(Illuminate\Http\Request))
#29 D:\xampp\htdocs\ehs-backend\vendor\laravel\framework\src\Illuminate\Foundation\Http\Kernel.php(190): Illuminate\Routing\Router->dispatch(Object(Illuminate\Http\Request))
#30 D:\xampp\htdocs\ehs-backend\vendor\laravel\framework\src\Illuminate\Pipeline\Pipeline.php(141): Illuminate\Foundation\Http\Kernel->Illuminate\Foundation\Http\{closure}(Object(Illuminate\Http\Request))
#31 D:\xampp\htdocs\ehs-backend\vendor\laravel\framework\src\Illuminate\Foundation\Http\Middleware\TransformsRequest.php(21): Illuminate\Pipeline\Pipeline->Illuminate\Pipeline\{closure}(Object(Illuminate\Http\Request))
#32 D:\xampp\htdocs\ehs-backend\vendor\laravel\framework\src\Illuminate\Foundation\Http\Middleware\ConvertEmptyStringsToNull.php(31): Illuminate\Foundation\Http\Middleware\TransformsRequest->handle(Object(Illuminate\Http\Request), Object(Closure))
#33 D:\xampp\htdocs\ehs-backend\vendor\laravel\framework\src\Illuminate\Pipeline\Pipeline.php(180): Illuminate\Foundation\Http\Middleware\ConvertEmptyStringsToNull->handle(Object(Illuminate\Http\Request), Object(Closure))
#34 D:\xampp\htdocs\ehs-backend\vendor\laravel\framework\src\Illuminate\Foundation\Http\Middleware\TransformsRequest.php(21): Illuminate\Pipeline\Pipeline->Illuminate\Pipeline\{closure}(Object(Illuminate\Http\Request))
#35 D:\xampp\htdocs\ehs-backend\vendor\laravel\framework\src\Illuminate\Foundation\Http\Middleware\TrimStrings.php(40): Illuminate\Foundation\Http\Middleware\TransformsRequest->handle(Object(Illuminate\Http\Request), Object(Closure))
#36 D:\xampp\htdocs\ehs-backend\vendor\laravel\framework\src\Illuminate\Pipeline\Pipeline.php(180): Illuminate\Foundation\Http\Middleware\TrimStrings->handle(Object(Illuminate\Http\Request), Object(Closure))
#37 D:\xampp\htdocs\ehs-backend\vendor\laravel\framework\src\Illuminate\Foundation\Http\Middleware\ValidatePostSize.php(27): Illuminate\Pipeline\Pipeline->Illuminate\Pipeline\{closure}(Object(Illuminate\Http\Request))
#38 D:\xampp\htdocs\ehs-backend\vendor\laravel\framework\src\Illuminate\Pipeline\Pipeline.php(180): Illuminate\Foundation\Http\Middleware\ValidatePostSize->handle(Object(Illuminate\Http\Request), Object(Closure))
#39 D:\xampp\htdocs\ehs-backend\vendor\laravel\framework\src\Illuminate\Foundation\Http\Middleware\PreventRequestsDuringMaintenance.php(86): Illuminate\Pipeline\Pipeline->Illuminate\Pipeline\{closure}(Object(Illuminate\Http\Request))
#40 D:\xampp\htdocs\ehs-backend\vendor\laravel\framework\src\Illuminate\Pipeline\Pipeline.php(180): Illuminate\Foundation\Http\Middleware\PreventRequestsDuringMaintenance->handle(Object(Illuminate\Http\Request), Object(Closure))
#41 D:\xampp\htdocs\ehs-backend\vendor\laravel\framework\src\Illuminate\Http\Middleware\HandleCors.php(62): Illuminate\Pipeline\Pipeline->Illuminate\Pipeline\{closure}(Object(Illuminate\Http\Request))
#42 D:\xampp\htdocs\ehs-backend\vendor\laravel\framework\src\Illuminate\Pipeline\Pipeline.php(180): Illuminate\Http\Middleware\HandleCors->handle(Object(Illuminate\Http\Request), Object(Closure))
#43 D:\xampp\htdocs\ehs-backend\vendor\laravel\framework\src\Illuminate\Http\Middleware\TrustProxies.php(39): Illuminate\Pipeline\Pipeline->Illuminate\Pipeline\{closure}(Object(Illuminate\Http\Request))
#44 D:\xampp\htdocs\ehs-backend\vendor\laravel\framework\src\Illuminate\Pipeline\Pipeline.php(180): Illuminate\Http\Middleware\TrustProxies->handle(Object(Illuminate\Http\Request), Object(Closure))
#45 D:\xampp\htdocs\ehs-backend\vendor\laravel\framework\src\Illuminate\Pipeline\Pipeline.php(116): Illuminate\Pipeline\Pipeline->Illuminate\Pipeline\{closure}(Object(Illuminate\Http\Request))
#46 D:\xampp\htdocs\ehs-backend\vendor\laravel\framework\src\Illuminate\Foundation\Http\Kernel.php(165): Illuminate\Pipeline\Pipeline->then(Object(Closure))
#47 D:\xampp\htdocs\ehs-backend\vendor\laravel\framework\src\Illuminate\Foundation\Http\Kernel.php(134): Illuminate\Foundation\Http\Kernel->sendRequestThroughRouter(Object(Illuminate\Http\Request))
#48 D:\xampp\htdocs\ehs-backend\public\index.php(51): Illuminate\Foundation\Http\Kernel->handle(Object(Illuminate\Http\Request))
#49 D:\xampp\htdocs\ehs-backend\vendor\laravel\framework\src\Illuminate\Foundation\resources\server.php(16): require_once('D:\\xampp\\htdocs...')
#50 {main}  
[2026-01-22 16:34:28] local.ERROR: EHS Staff  
[2026-01-22 16:34:28] local.ERROR: EHS-2025-0028  
[2026-01-22 16:34:28] local.ERROR:   
[2026-01-22 16:34:30] local.ERROR: PDOException: SQLSTATE[HY000] [2002] No connection could be made because the target machine actively refused it in D:\xampp\htdocs\ehs-backend\vendor\laravel\framework\src\Illuminate\Database\Connectors\Connector.php:70
Stack trace:
#0 D:\xampp\htdocs\ehs-backend\vendor\laravel\framework\src\Illuminate\Database\Connectors\Connector.php(70): PDO->__construct('mysql:host=127....', 'root', Object(SensitiveParameterValue), Array)
#1 D:\xampp\htdocs\ehs-backend\vendor\laravel\framework\src\Illuminate\Database\Connectors\Connector.php(45): Illuminate\Database\Connectors\Connector->createPdoConnection('mysql:host=127....', 'root', '', Array)
#2 D:\xampp\htdocs\ehs-backend\vendor\laravel\framework\src\Illuminate\Database\Connectors\MySqlConnector.php(24): Illuminate\Database\Connectors\Connector->createConnection('mysql:host=127....', Array, Array)
#3 D:\xampp\htdocs\ehs-backend\vendor\laravel\framework\src\Illuminate\Database\Connectors\ConnectionFactory.php(184): Illuminate\Database\Connectors\MySqlConnector->connect(Array)
#4 [internal function]: Illuminate\Database\Connectors\ConnectionFactory->Illuminate\Database\Connectors\{closure}()
#5 D:\xampp\htdocs\ehs-backend\vendor\laravel\framework\src\Illuminate\Database\Connection.php(1181): call_user_func(Object(Closure))
#6 D:\xampp\htdocs\ehs-backend\vendor\laravel\framework\src\Illuminate\Database\Connection.php(1217): Illuminate\Database\Connection->getPdo()
#7 D:\xampp\htdocs\ehs-backend\vendor\laravel\framework\src\Illuminate\Database\Connection.php(486): Illuminate\Database\Connection->getReadPdo()
#8 D:\xampp\htdocs\ehs-backend\vendor\laravel\framework\src\Illuminate\Database\Connection.php(414): Illuminate\Database\Connection->getPdoForSelect(true)
#9 D:\xampp\htdocs\ehs-backend\vendor\laravel\framework\src\Illuminate\Database\Connection.php(753): Illuminate\Database\Connection->Illuminate\Database\{closure}('select * from `...', Array)
#10 D:\xampp\htdocs\ehs-backend\vendor\laravel\framework\src\Illuminate\Database\Connection.php(720): Illuminate\Database\Connection->runQueryCallback('select * from `...', Array, Object(Closure))
#11 D:\xampp\htdocs\ehs-backend\vendor\laravel\framework\src\Illuminate\Database\Connection.php(405): Illuminate\Database\Connection->run('select * from `...', Array, Object(Closure))
#12 D:\xampp\htdocs\ehs-backend\vendor\laravel\framework\src\Illuminate\Database\Query\Builder.php(2705): Illuminate\Database\Connection->select('select * from `...', Array, true)
#13 D:\xampp\htdocs\ehs-backend\vendor\laravel\framework\src\Illuminate\Database\Query\Builder.php(2694): Illuminate\Database\Query\Builder->runSelect()
#14 D:\xampp\htdocs\ehs-backend\vendor\laravel\framework\src\Illuminate\Database\Query\Builder.php(3230): Illuminate\Database\Query\Builder->Illuminate\Database\Query\{closure}()
#15 D:\xampp\htdocs\ehs-backend\vendor\laravel\framework\src\Illuminate\Database\Query\Builder.php(2693): Illuminate\Database\Query\Builder->onceWithColumns(Array, Object(Closure))
#16 D:\xampp\htdocs\ehs-backend\vendor\laravel\framework\src\Illuminate\Database\Eloquent\Builder.php(710): Illuminate\Database\Query\Builder->get(Array)
#17 D:\xampp\htdocs\ehs-backend\vendor\laravel\framework\src\Illuminate\Database\Eloquent\Builder.php(694): Illuminate\Database\Eloquent\Builder->getModels(Array)
#18 D:\xampp\htdocs\ehs-backend\vendor\laravel\framework\src\Illuminate\Database\Concerns\BuildsQueries.php(296): Illuminate\Database\Eloquent\Builder->get(Array)
#19 D:\xampp\htdocs\ehs-backend\app\Services\Facades\UserFacade.php(93): Illuminate\Database\Eloquent\Builder->first()
#20 D:\xampp\htdocs\ehs-backend\app\Services\Facades\UserFacade.php(69): App\Services\Facades\UserFacade->getCode('EHS-2025-0028')
#21 D:\xampp\htdocs\ehs-backend\app\Http\Controllers\User\UserController.php(202): App\Services\Facades\UserFacade->store(Object(Illuminate\Http\Request))
#22 D:\xampp\htdocs\ehs-backend\vendor\laravel\framework\src\Illuminate\Routing\Controller.php(54): App\Http\Controllers\User\UserController->store(Object(Illuminate\Http\Request))
#23 D:\xampp\htdocs\ehs-backend\vendor\laravel\framework\src\Illuminate\Routing\ControllerDispatcher.php(43): Illuminate\Routing\Controller->callAction('store', Array)
#24 D:\xampp\htdocs\ehs-backend\vendor\laravel\framework\src\Illuminate\Routing\Route.php(259): Illuminate\Routing\ControllerDispatcher->dispatch(Object(Illuminate\Routing\Route), Object(App\Http\Controllers\User\UserController), 'store')
#25 D:\xampp\htdocs\ehs-backend\vendor\laravel\framework\src\Illuminate\Routing\Route.php(205): Illuminate\Routing\Route->runController()
#26 D:\xampp\htdocs\ehs-backend\vendor\laravel\framework\src\Illuminate\Routing\Router.php(798): Illuminate\Routing\Route->run()
#27 D:\xampp\htdocs\ehs-backend\vendor\laravel\framework\src\Illuminate\Pipeline\Pipeline.php(141): Illuminate\Routing\Router->Illuminate\Routing\{closure}(Object(Illuminate\Http\Request))
#28 D:\xampp\htdocs\ehs-backend\vendor\laravel\framework\src\Illuminate\Routing\Middleware\SubstituteBindings.php(50): Illuminate\Pipeline\Pipeline->Illuminate\Pipeline\{closure}(Object(Illuminate\Http\Request))
#29 D:\xampp\htdocs\ehs-backend\vendor\laravel\framework\src\Illuminate\Pipeline\Pipeline.php(180): Illuminate\Routing\Middleware\SubstituteBindings->handle(Object(Illuminate\Http\Request), Object(Closure))
#30 D:\xampp\htdocs\ehs-backend\vendor\laravel\framework\src\Illuminate\Routing\Middleware\ThrottleRequests.php(126): Illuminate\Pipeline\Pipeline->Illuminate\Pipeline\{closure}(Object(Illuminate\Http\Request))
#31 D:\xampp\htdocs\ehs-backend\vendor\laravel\framework\src\Illuminate\Routing\Middleware\ThrottleRequests.php(92): Illuminate\Routing\Middleware\ThrottleRequests->handleRequest(Object(Illuminate\Http\Request), Object(Closure), Array)
#32 D:\xampp\htdocs\ehs-backend\vendor\laravel\framework\src\Illuminate\Routing\Middleware\ThrottleRequests.php(54): Illuminate\Routing\Middleware\ThrottleRequests->handleRequestUsingNamedLimiter(Object(Illuminate\Http\Request), Object(Closure), 'api', Object(Closure))
#33 D:\xampp\htdocs\ehs-backend\vendor\laravel\framework\src\Illuminate\Pipeline\Pipeline.php(180): Illuminate\Routing\Middleware\ThrottleRequests->handle(Object(Illuminate\Http\Request), Object(Closure), 'api')
#34 D:\xampp\htdocs\ehs-backend\vendor\laravel\framework\src\Illuminate\Pipeline\Pipeline.php(116): Illuminate\Pipeline\Pipeline->Illuminate\Pipeline\{closure}(Object(Illuminate\Http\Request))
#35 D:\xampp\htdocs\ehs-backend\vendor\laravel\framework\src\Illuminate\Routing\Router.php(797): Illuminate\Pipeline\Pipeline->then(Object(Closure))
#36 D:\xampp\htdocs\ehs-backend\vendor\laravel\framework\src\Illuminate\Routing\Router.php(776): Illuminate\Routing\Router->runRouteWithinStack(Object(Illuminate\Routing\Route), Object(Illuminate\Http\Request))
#37 D:\xampp\htdocs\ehs-backend\vendor\laravel\framework\src\Illuminate\Routing\Router.php(740): Illuminate\Routing\Router->runRoute(Object(Illuminate\Http\Request), Object(Illuminate\Routing\Route))
#38 D:\xampp\htdocs\ehs-backend\vendor\laravel\framework\src\Illuminate\Routing\Router.php(729): Illuminate\Routing\Router->dispatchToRoute(Object(Illuminate\Http\Request))
#39 D:\xampp\htdocs\ehs-backend\vendor\laravel\framework\src\Illuminate\Foundation\Http\Kernel.php(190): Illuminate\Routing\Router->dispatch(Object(Illuminate\Http\Request))
#40 D:\xampp\htdocs\ehs-backend\vendor\laravel\framework\src\Illuminate\Pipeline\Pipeline.php(141): Illuminate\Foundation\Http\Kernel->Illuminate\Foundation\Http\{closure}(Object(Illuminate\Http\Request))
#41 D:\xampp\htdocs\ehs-backend\vendor\laravel\framework\src\Illuminate\Foundation\Http\Middleware\TransformsRequest.php(21): Illuminate\Pipeline\Pipeline->Illuminate\Pipeline\{closure}(Object(Illuminate\Http\Request))
#42 D:\xampp\htdocs\ehs-backend\vendor\laravel\framework\src\Illuminate\Foundation\Http\Middleware\ConvertEmptyStringsToNull.php(31): Illuminate\Foundation\Http\Middleware\TransformsRequest->handle(Object(Illuminate\Http\Request), Object(Closure))
#43 D:\xampp\htdocs\ehs-backend\vendor\laravel\framework\src\Illuminate\Pipeline\Pipeline.php(180): Illuminate\Foundation\Http\Middleware\ConvertEmptyStringsToNull->handle(Object(Illuminate\Http\Request), Object(Closure))
#44 D:\xampp\htdocs\ehs-backend\vendor\laravel\framework\src\Illuminate\Foundation\Http\Middleware\TransformsRequest.php(21): Illuminate\Pipeline\Pipeline->Illuminate\Pipeline\{closure}(Object(Illuminate\Http\Request))
#45 D:\xampp\htdocs\ehs-backend\vendor\laravel\framework\src\Illuminate\Foundation\Http\Middleware\TrimStrings.php(40): Illuminate\Foundation\Http\Middleware\TransformsRequest->handle(Object(Illuminate\Http\Request), Object(Closure))
#46 D:\xampp\htdocs\ehs-backend\vendor\laravel\framework\src\Illuminate\Pipeline\Pipeline.php(180): Illuminate\Foundation\Http\Middleware\TrimStrings->handle(Object(Illuminate\Http\Request), Object(Closure))
#47 D:\xampp\htdocs\ehs-backend\vendor\laravel\framework\src\Illuminate\Foundation\Http\Middleware\ValidatePostSize.php(27): Illuminate\Pipeline\Pipeline->Illuminate\Pipeline\{closure}(Object(Illuminate\Http\Request))
#48 D:\xampp\htdocs\ehs-backend\vendor\laravel\framework\src\Illuminate\Pipeline\Pipeline.php(180): Illuminate\Foundation\Http\Middleware\ValidatePostSize->handle(Object(Illuminate\Http\Request), Object(Closure))
#49 D:\xampp\htdocs\ehs-backend\vendor\laravel\framework\src\Illuminate\Foundation\Http\Middleware\PreventRequestsDuringMaintenance.php(86): Illuminate\Pipeline\Pipeline->Illuminate\Pipeline\{closure}(Object(Illuminate\Http\Request))
#50 D:\xampp\htdocs\ehs-backend\vendor\laravel\framework\src\Illuminate\Pipeline\Pipeline.php(180): Illuminate\Foundation\Http\Middleware\PreventRequestsDuringMaintenance->handle(Object(Illuminate\Http\Request), Object(Closure))
#51 D:\xampp\htdocs\ehs-backend\vendor\laravel\framework\src\Illuminate\Http\Middleware\HandleCors.php(62): Illuminate\Pipeline\Pipeline->Illuminate\Pipeline\{closure}(Object(Illuminate\Http\Request))
#52 D:\xampp\htdocs\ehs-backend\vendor\laravel\framework\src\Illuminate\Pipeline\Pipeline.php(180): Illuminate\Http\Middleware\HandleCors->handle(Object(Illuminate\Http\Request), Object(Closure))
#53 D:\xampp\htdocs\ehs-backend\vendor\laravel\framework\src\Illuminate\Http\Middleware\TrustProxies.php(39): Illuminate\Pipeline\Pipeline->Illuminate\Pipeline\{closure}(Object(Illuminate\Http\Request))
#54 D:\xampp\htdocs\ehs-backend\vendor\laravel\framework\src\Illuminate\Pipeline\Pipeline.php(180): Illuminate\Http\Middleware\TrustProxies->handle(Object(Illuminate\Http\Request), Object(Closure))
#55 D:\xampp\htdocs\ehs-backend\vendor\laravel\framework\src\Illuminate\Pipeline\Pipeline.php(116): Illuminate\Pipeline\Pipeline->Illuminate\Pipeline\{closure}(Object(Illuminate\Http\Request))
#56 D:\xampp\htdocs\ehs-backend\vendor\laravel\framework\src\Illuminate\Foundation\Http\Kernel.php(165): Illuminate\Pipeline\Pipeline->then(Object(Closure))
#57 D:\xampp\htdocs\ehs-backend\vendor\laravel\framework\src\Illuminate\Foundation\Http\Kernel.php(134): Illuminate\Foundation\Http\Kernel->sendRequestThroughRouter(Object(Illuminate\Http\Request))
#58 D:\xampp\htdocs\ehs-backend\public\index.php(51): Illuminate\Foundation\Http\Kernel->handle(Object(Illuminate\Http\Request))
#59 D:\xampp\htdocs\ehs-backend\vendor\laravel\framework\src\Illuminate\Foundation\resources\server.php(16): require_once('D:\\xampp\\htdocs...')
#60 {main}

Next Illuminate\Database\QueryException: SQLSTATE[HY000] [2002] No connection could be made because the target machine actively refused it (SQL: select * from `user_codes` where (`code` = EHS-2025-0028) limit 1) in D:\xampp\htdocs\ehs-backend\vendor\laravel\framework\src\Illuminate\Database\Connection.php:760
Stack trace:
#0 D:\xampp\htdocs\ehs-backend\vendor\laravel\framework\src\Illuminate\Database\Connection.php(720): Illuminate\Database\Connection->runQueryCallback('select * from `...', Array, Object(Closure))
#1 D:\xampp\htdocs\ehs-backend\vendor\laravel\framework\src\Illuminate\Database\Connection.php(405): Illuminate\Database\Connection->run('select * from `...', Array, Object(Closure))
#2 D:\xampp\htdocs\ehs-backend\vendor\laravel\framework\src\Illuminate\Database\Query\Builder.php(2705): Illuminate\Database\Connection->select('select * from `...', Array, true)
#3 D:\xampp\htdocs\ehs-backend\vendor\laravel\framework\src\Illuminate\Database\Query\Builder.php(2694): Illuminate\Database\Query\Builder->runSelect()
#4 D:\xampp\htdocs\ehs-backend\vendor\laravel\framework\src\Illuminate\Database\Query\Builder.php(3230): Illuminate\Database\Query\Builder->Illuminate\Database\Query\{closure}()
#5 D:\xampp\htdocs\ehs-backend\vendor\laravel\framework\src\Illuminate\Database\Query\Builder.php(2693): Illuminate\Database\Query\Builder->onceWithColumns(Array, Object(Closure))
#6 D:\xampp\htdocs\ehs-backend\vendor\laravel\framework\src\Illuminate\Database\Eloquent\Builder.php(710): Illuminate\Database\Query\Builder->get(Array)
#7 D:\xampp\htdocs\ehs-backend\vendor\laravel\framework\src\Illuminate\Database\Eloquent\Builder.php(694): Illuminate\Database\Eloquent\Builder->getModels(Array)
#8 D:\xampp\htdocs\ehs-backend\vendor\laravel\framework\src\Illuminate\Database\Concerns\BuildsQueries.php(296): Illuminate\Database\Eloquent\Builder->get(Array)
#9 D:\xampp\htdocs\ehs-backend\app\Services\Facades\UserFacade.php(93): Illuminate\Database\Eloquent\Builder->first()
#10 D:\xampp\htdocs\ehs-backend\app\Services\Facades\UserFacade.php(69): App\Services\Facades\UserFacade->getCode('EHS-2025-0028')
#11 D:\xampp\htdocs\ehs-backend\app\Http\Controllers\User\UserController.php(202): App\Services\Facades\UserFacade->store(Object(Illuminate\Http\Request))
#12 D:\xampp\htdocs\ehs-backend\vendor\laravel\framework\src\Illuminate\Routing\Controller.php(54): App\Http\Controllers\User\UserController->store(Object(Illuminate\Http\Request))
#13 D:\xampp\htdocs\ehs-backend\vendor\laravel\framework\src\Illuminate\Routing\ControllerDispatcher.php(43): Illuminate\Routing\Controller->callAction('store', Array)
#14 D:\xampp\htdocs\ehs-backend\vendor\laravel\framework\src\Illuminate\Routing\Route.php(259): Illuminate\Routing\ControllerDispatcher->dispatch(Object(Illuminate\Routing\Route), Object(App\Http\Controllers\User\UserController), 'store')
#15 D:\xampp\htdocs\ehs-backend\vendor\laravel\framework\src\Illuminate\Routing\Route.php(205): Illuminate\Routing\Route->runController()
#16 D:\xampp\htdocs\ehs-backend\vendor\laravel\framework\src\Illuminate\Routing\Router.php(798): Illuminate\Routing\Route->run()
#17 D:\xampp\htdocs\ehs-backend\vendor\laravel\framework\src\Illuminate\Pipeline\Pipeline.php(141): Illuminate\Routing\Router->Illuminate\Routing\{closure}(Object(Illuminate\Http\Request))
#18 D:\xampp\htdocs\ehs-backend\vendor\laravel\framework\src\Illuminate\Routing\Middleware\SubstituteBindings.php(50): Illuminate\Pipeline\Pipeline->Illuminate\Pipeline\{closure}(Object(Illuminate\Http\Request))
#19 D:\xampp\htdocs\ehs-backend\vendor\laravel\framework\src\Illuminate\Pipeline\Pipeline.php(180): Illuminate\Routing\Middleware\SubstituteBindings->handle(Object(Illuminate\Http\Request), Object(Closure))
#20 D:\xampp\htdocs\ehs-backend\vendor\laravel\framework\src\Illuminate\Routing\Middleware\ThrottleRequests.php(126): Illuminate\Pipeline\Pipeline->Illuminate\Pipeline\{closure}(Object(Illuminate\Http\Request))
#21 D:\xampp\htdocs\ehs-backend\vendor\laravel\framework\src\Illuminate\Routing\Middleware\ThrottleRequests.php(92): Illuminate\Routing\Middleware\ThrottleRequests->handleRequest(Object(Illuminate\Http\Request), Object(Closure), Array)
#22 D:\xampp\htdocs\ehs-backend\vendor\laravel\framework\src\Illuminate\Routing\Middleware\ThrottleRequests.php(54): Illuminate\Routing\Middleware\ThrottleRequests->handleRequestUsingNamedLimiter(Object(Illuminate\Http\Request), Object(Closure), 'api', Object(Closure))
#23 D:\xampp\htdocs\ehs-backend\vendor\laravel\framework\src\Illuminate\Pipeline\Pipeline.php(180): Illuminate\Routing\Middleware\ThrottleRequests->handle(Object(Illuminate\Http\Request), Object(Closure), 'api')
#24 D:\xampp\htdocs\ehs-backend\vendor\laravel\framework\src\Illuminate\Pipeline\Pipeline.php(116): Illuminate\Pipeline\Pipeline->Illuminate\Pipeline\{closure}(Object(Illuminate\Http\Request))
#25 D:\xampp\htdocs\ehs-backend\vendor\laravel\framework\src\Illuminate\Routing\Router.php(797): Illuminate\Pipeline\Pipeline->then(Object(Closure))
#26 D:\xampp\htdocs\ehs-backend\vendor\laravel\framework\src\Illuminate\Routing\Router.php(776): Illuminate\Routing\Router->runRouteWithinStack(Object(Illuminate\Routing\Route), Object(Illuminate\Http\Request))
#27 D:\xampp\htdocs\ehs-backend\vendor\laravel\framework\src\Illuminate\Routing\Router.php(740): Illuminate\Routing\Router->runRoute(Object(Illuminate\Http\Request), Object(Illuminate\Routing\Route))
#28 D:\xampp\htdocs\ehs-backend\vendor\laravel\framework\src\Illuminate\Routing\Router.php(729): Illuminate\Routing\Router->dispatchToRoute(Object(Illuminate\Http\Request))
#29 D:\xampp\htdocs\ehs-backend\vendor\laravel\framework\src\Illuminate\Foundation\Http\Kernel.php(190): Illuminate\Routing\Router->dispatch(Object(Illuminate\Http\Request))
#30 D:\xampp\htdocs\ehs-backend\vendor\laravel\framework\src\Illuminate\Pipeline\Pipeline.php(141): Illuminate\Foundation\Http\Kernel->Illuminate\Foundation\Http\{closure}(Object(Illuminate\Http\Request))
#31 D:\xampp\htdocs\ehs-backend\vendor\laravel\framework\src\Illuminate\Foundation\Http\Middleware\TransformsRequest.php(21): Illuminate\Pipeline\Pipeline->Illuminate\Pipeline\{closure}(Object(Illuminate\Http\Request))
#32 D:\xampp\htdocs\ehs-backend\vendor\laravel\framework\src\Illuminate\Foundation\Http\Middleware\ConvertEmptyStringsToNull.php(31): Illuminate\Foundation\Http\Middleware\TransformsRequest->handle(Object(Illuminate\Http\Request), Object(Closure))
#33 D:\xampp\htdocs\ehs-backend\vendor\laravel\framework\src\Illuminate\Pipeline\Pipeline.php(180): Illuminate\Foundation\Http\Middleware\ConvertEmptyStringsToNull->handle(Object(Illuminate\Http\Request), Object(Closure))
#34 D:\xampp\htdocs\ehs-backend\vendor\laravel\framework\src\Illuminate\Foundation\Http\Middleware\TransformsRequest.php(21): Illuminate\Pipeline\Pipeline->Illuminate\Pipeline\{closure}(Object(Illuminate\Http\Request))
#35 D:\xampp\htdocs\ehs-backend\vendor\laravel\framework\src\Illuminate\Foundation\Http\Middleware\TrimStrings.php(40): Illuminate\Foundation\Http\Middleware\TransformsRequest->handle(Object(Illuminate\Http\Request), Object(Closure))
#36 D:\xampp\htdocs\ehs-backend\vendor\laravel\framework\src\Illuminate\Pipeline\Pipeline.php(180): Illuminate\Foundation\Http\Middleware\TrimStrings->handle(Object(Illuminate\Http\Request), Object(Closure))
#37 D:\xampp\htdocs\ehs-backend\vendor\laravel\framework\src\Illuminate\Foundation\Http\Middleware\ValidatePostSize.php(27): Illuminate\Pipeline\Pipeline->Illuminate\Pipeline\{closure}(Object(Illuminate\Http\Request))
#38 D:\xampp\htdocs\ehs-backend\vendor\laravel\framework\src\Illuminate\Pipeline\Pipeline.php(180): Illuminate\Foundation\Http\Middleware\ValidatePostSize->handle(Object(Illuminate\Http\Request), Object(Closure))
#39 D:\xampp\htdocs\ehs-backend\vendor\laravel\framework\src\Illuminate\Foundation\Http\Middleware\PreventRequestsDuringMaintenance.php(86): Illuminate\Pipeline\Pipeline->Illuminate\Pipeline\{closure}(Object(Illuminate\Http\Request))
#40 D:\xampp\htdocs\ehs-backend\vendor\laravel\framework\src\Illuminate\Pipeline\Pipeline.php(180): Illuminate\Foundation\Http\Middleware\PreventRequestsDuringMaintenance->handle(Object(Illuminate\Http\Request), Object(Closure))
#41 D:\xampp\htdocs\ehs-backend\vendor\laravel\framework\src\Illuminate\Http\Middleware\HandleCors.php(62): Illuminate\Pipeline\Pipeline->Illuminate\Pipeline\{closure}(Object(Illuminate\Http\Request))
#42 D:\xampp\htdocs\ehs-backend\vendor\laravel\framework\src\Illuminate\Pipeline\Pipeline.php(180): Illuminate\Http\Middleware\HandleCors->handle(Object(Illuminate\Http\Request), Object(Closure))
#43 D:\xampp\htdocs\ehs-backend\vendor\laravel\framework\src\Illuminate\Http\Middleware\TrustProxies.php(39): Illuminate\Pipeline\Pipeline->Illuminate\Pipeline\{closure}(Object(Illuminate\Http\Request))
#44 D:\xampp\htdocs\ehs-backend\vendor\laravel\framework\src\Illuminate\Pipeline\Pipeline.php(180): Illuminate\Http\Middleware\TrustProxies->handle(Object(Illuminate\Http\Request), Object(Closure))
#45 D:\xampp\htdocs\ehs-backend\vendor\laravel\framework\src\Illuminate\Pipeline\Pipeline.php(116): Illuminate\Pipeline\Pipeline->Illuminate\Pipeline\{closure}(Object(Illuminate\Http\Request))
#46 D:\xampp\htdocs\ehs-backend\vendor\laravel\framework\src\Illuminate\Foundation\Http\Kernel.php(165): Illuminate\Pipeline\Pipeline->then(Object(Closure))
#47 D:\xampp\htdocs\ehs-backend\vendor\laravel\framework\src\Illuminate\Foundation\Http\Kernel.php(134): Illuminate\Foundation\Http\Kernel->sendRequestThroughRouter(Object(Illuminate\Http\Request))
#48 D:\xampp\htdocs\ehs-backend\public\index.php(51): Illuminate\Foundation\Http\Kernel->handle(Object(Illuminate\Http\Request))
#49 D:\xampp\htdocs\ehs-backend\vendor\laravel\framework\src\Illuminate\Foundation\resources\server.php(16): require_once('D:\\xampp\\htdocs...')
#50 {main}  
[2026-01-22 16:34:41] local.ERROR: EHS Staff  
[2026-01-22 16:34:41] local.ERROR: EHS-2025-0128  
[2026-01-22 16:34:41] local.ERROR:   
[2026-01-22 16:34:43] local.ERROR: PDOException: SQLSTATE[HY000] [2002] No connection could be made because the target machine actively refused it in D:\xampp\htdocs\ehs-backend\vendor\laravel\framework\src\Illuminate\Database\Connectors\Connector.php:70
Stack trace:
#0 D:\xampp\htdocs\ehs-backend\vendor\laravel\framework\src\Illuminate\Database\Connectors\Connector.php(70): PDO->__construct('mysql:host=127....', 'root', Object(SensitiveParameterValue), Array)
#1 D:\xampp\htdocs\ehs-backend\vendor\laravel\framework\src\Illuminate\Database\Connectors\Connector.php(45): Illuminate\Database\Connectors\Connector->createPdoConnection('mysql:host=127....', 'root', '', Array)
#2 D:\xampp\htdocs\ehs-backend\vendor\laravel\framework\src\Illuminate\Database\Connectors\MySqlConnector.php(24): Illuminate\Database\Connectors\Connector->createConnection('mysql:host=127....', Array, Array)
#3 D:\xampp\htdocs\ehs-backend\vendor\laravel\framework\src\Illuminate\Database\Connectors\ConnectionFactory.php(184): Illuminate\Database\Connectors\MySqlConnector->connect(Array)
#4 [internal function]: Illuminate\Database\Connectors\ConnectionFactory->Illuminate\Database\Connectors\{closure}()
#5 D:\xampp\htdocs\ehs-backend\vendor\laravel\framework\src\Illuminate\Database\Connection.php(1181): call_user_func(Object(Closure))
#6 D:\xampp\htdocs\ehs-backend\vendor\laravel\framework\src\Illuminate\Database\Connection.php(1217): Illuminate\Database\Connection->getPdo()
#7 D:\xampp\htdocs\ehs-backend\vendor\laravel\framework\src\Illuminate\Database\Connection.php(486): Illuminate\Database\Connection->getReadPdo()
#8 D:\xampp\htdocs\ehs-backend\vendor\laravel\framework\src\Illuminate\Database\Connection.php(414): Illuminate\Database\Connection->getPdoForSelect(true)
#9 D:\xampp\htdocs\ehs-backend\vendor\laravel\framework\src\Illuminate\Database\Connection.php(753): Illuminate\Database\Connection->Illuminate\Database\{closure}('select * from `...', Array)
#10 D:\xampp\htdocs\ehs-backend\vendor\laravel\framework\src\Illuminate\Database\Connection.php(720): Illuminate\Database\Connection->runQueryCallback('select * from `...', Array, Object(Closure))
#11 D:\xampp\htdocs\ehs-backend\vendor\laravel\framework\src\Illuminate\Database\Connection.php(405): Illuminate\Database\Connection->run('select * from `...', Array, Object(Closure))
#12 D:\xampp\htdocs\ehs-backend\vendor\laravel\framework\src\Illuminate\Database\Query\Builder.php(2705): Illuminate\Database\Connection->select('select * from `...', Array, true)
#13 D:\xampp\htdocs\ehs-backend\vendor\laravel\framework\src\Illuminate\Database\Query\Builder.php(2694): Illuminate\Database\Query\Builder->runSelect()
#14 D:\xampp\htdocs\ehs-backend\vendor\laravel\framework\src\Illuminate\Database\Query\Builder.php(3230): Illuminate\Database\Query\Builder->Illuminate\Database\Query\{closure}()
#15 D:\xampp\htdocs\ehs-backend\vendor\laravel\framework\src\Illuminate\Database\Query\Builder.php(2693): Illuminate\Database\Query\Builder->onceWithColumns(Array, Object(Closure))
#16 D:\xampp\htdocs\ehs-backend\vendor\laravel\framework\src\Illuminate\Database\Eloquent\Builder.php(710): Illuminate\Database\Query\Builder->get(Array)
#17 D:\xampp\htdocs\ehs-backend\vendor\laravel\framework\src\Illuminate\Database\Eloquent\Builder.php(694): Illuminate\Database\Eloquent\Builder->getModels(Array)
#18 D:\xampp\htdocs\ehs-backend\vendor\laravel\framework\src\Illuminate\Database\Concerns\BuildsQueries.php(296): Illuminate\Database\Eloquent\Builder->get(Array)
#19 D:\xampp\htdocs\ehs-backend\app\Services\Facades\UserFacade.php(93): Illuminate\Database\Eloquent\Builder->first()
#20 D:\xampp\htdocs\ehs-backend\app\Services\Facades\UserFacade.php(69): App\Services\Facades\UserFacade->getCode('EHS-2025-0128')
#21 D:\xampp\htdocs\ehs-backend\app\Http\Controllers\User\UserController.php(202): App\Services\Facades\UserFacade->store(Object(Illuminate\Http\Request))
#22 D:\xampp\htdocs\ehs-backend\vendor\laravel\framework\src\Illuminate\Routing\Controller.php(54): App\Http\Controllers\User\UserController->store(Object(Illuminate\Http\Request))
#23 D:\xampp\htdocs\ehs-backend\vendor\laravel\framework\src\Illuminate\Routing\ControllerDispatcher.php(43): Illuminate\Routing\Controller->callAction('store', Array)
#24 D:\xampp\htdocs\ehs-backend\vendor\laravel\framework\src\Illuminate\Routing\Route.php(259): Illuminate\Routing\ControllerDispatcher->dispatch(Object(Illuminate\Routing\Route), Object(App\Http\Controllers\User\UserController), 'store')
#25 D:\xampp\htdocs\ehs-backend\vendor\laravel\framework\src\Illuminate\Routing\Route.php(205): Illuminate\Routing\Route->runController()
#26 D:\xampp\htdocs\ehs-backend\vendor\laravel\framework\src\Illuminate\Routing\Router.php(798): Illuminate\Routing\Route->run()
#27 D:\xampp\htdocs\ehs-backend\vendor\laravel\framework\src\Illuminate\Pipeline\Pipeline.php(141): Illuminate\Routing\Router->Illuminate\Routing\{closure}(Object(Illuminate\Http\Request))
#28 D:\xampp\htdocs\ehs-backend\vendor\laravel\framework\src\Illuminate\Routing\Middleware\SubstituteBindings.php(50): Illuminate\Pipeline\Pipeline->Illuminate\Pipeline\{closure}(Object(Illuminate\Http\Request))
#29 D:\xampp\htdocs\ehs-backend\vendor\laravel\framework\src\Illuminate\Pipeline\Pipeline.php(180): Illuminate\Routing\Middleware\SubstituteBindings->handle(Object(Illuminate\Http\Request), Object(Closure))
#30 D:\xampp\htdocs\ehs-backend\vendor\laravel\framework\src\Illuminate\Routing\Middleware\ThrottleRequests.php(126): Illuminate\Pipeline\Pipeline->Illuminate\Pipeline\{closure}(Object(Illuminate\Http\Request))
#31 D:\xampp\htdocs\ehs-backend\vendor\laravel\framework\src\Illuminate\Routing\Middleware\ThrottleRequests.php(92): Illuminate\Routing\Middleware\ThrottleRequests->handleRequest(Object(Illuminate\Http\Request), Object(Closure), Array)
#32 D:\xampp\htdocs\ehs-backend\vendor\laravel\framework\src\Illuminate\Routing\Middleware\ThrottleRequests.php(54): Illuminate\Routing\Middleware\ThrottleRequests->handleRequestUsingNamedLimiter(Object(Illuminate\Http\Request), Object(Closure), 'api', Object(Closure))
#33 D:\xampp\htdocs\ehs-backend\vendor\laravel\framework\src\Illuminate\Pipeline\Pipeline.php(180): Illuminate\Routing\Middleware\ThrottleRequests->handle(Object(Illuminate\Http\Request), Object(Closure), 'api')
#34 D:\xampp\htdocs\ehs-backend\vendor\laravel\framework\src\Illuminate\Pipeline\Pipeline.php(116): Illuminate\Pipeline\Pipeline->Illuminate\Pipeline\{closure}(Object(Illuminate\Http\Request))
#35 D:\xampp\htdocs\ehs-backend\vendor\laravel\framework\src\Illuminate\Routing\Router.php(797): Illuminate\Pipeline\Pipeline->then(Object(Closure))
#36 D:\xampp\htdocs\ehs-backend\vendor\laravel\framework\src\Illuminate\Routing\Router.php(776): Illuminate\Routing\Router->runRouteWithinStack(Object(Illuminate\Routing\Route), Object(Illuminate\Http\Request))
#37 D:\xampp\htdocs\ehs-backend\vendor\laravel\framework\src\Illuminate\Routing\Router.php(740): Illuminate\Routing\Router->runRoute(Object(Illuminate\Http\Request), Object(Illuminate\Routing\Route))
#38 D:\xampp\htdocs\ehs-backend\vendor\laravel\framework\src\Illuminate\Routing\Router.php(729): Illuminate\Routing\Router->dispatchToRoute(Object(Illuminate\Http\Request))
#39 D:\xampp\htdocs\ehs-backend\vendor\laravel\framework\src\Illuminate\Foundation\Http\Kernel.php(190): Illuminate\Routing\Router->dispatch(Object(Illuminate\Http\Request))
#40 D:\xampp\htdocs\ehs-backend\vendor\laravel\framework\src\Illuminate\Pipeline\Pipeline.php(141): Illuminate\Foundation\Http\Kernel->Illuminate\Foundation\Http\{closure}(Object(Illuminate\Http\Request))
#41 D:\xampp\htdocs\ehs-backend\vendor\laravel\framework\src\Illuminate\Foundation\Http\Middleware\TransformsRequest.php(21): Illuminate\Pipeline\Pipeline->Illuminate\Pipeline\{closure}(Object(Illuminate\Http\Request))
#42 D:\xampp\htdocs\ehs-backend\vendor\laravel\framework\src\Illuminate\Foundation\Http\Middleware\ConvertEmptyStringsToNull.php(31): Illuminate\Foundation\Http\Middleware\TransformsRequest->handle(Object(Illuminate\Http\Request), Object(Closure))
#43 D:\xampp\htdocs\ehs-backend\vendor\laravel\framework\src\Illuminate\Pipeline\Pipeline.php(180): Illuminate\Foundation\Http\Middleware\ConvertEmptyStringsToNull->handle(Object(Illuminate\Http\Request), Object(Closure))
#44 D:\xampp\htdocs\ehs-backend\vendor\laravel\framework\src\Illuminate\Foundation\Http\Middleware\TransformsRequest.php(21): Illuminate\Pipeline\Pipeline->Illuminate\Pipeline\{closure}(Object(Illuminate\Http\Request))
#45 D:\xampp\htdocs\ehs-backend\vendor\laravel\framework\src\Illuminate\Foundation\Http\Middleware\TrimStrings.php(40): Illuminate\Foundation\Http\Middleware\TransformsRequest->handle(Object(Illuminate\Http\Request), Object(Closure))
#46 D:\xampp\htdocs\ehs-backend\vendor\laravel\framework\src\Illuminate\Pipeline\Pipeline.php(180): Illuminate\Foundation\Http\Middleware\TrimStrings->handle(Object(Illuminate\Http\Request), Object(Closure))
#47 D:\xampp\htdocs\ehs-backend\vendor\laravel\framework\src\Illuminate\Foundation\Http\Middleware\ValidatePostSize.php(27): Illuminate\Pipeline\Pipeline->Illuminate\Pipeline\{closure}(Object(Illuminate\Http\Request))
#48 D:\xampp\htdocs\ehs-backend\vendor\laravel\framework\src\Illuminate\Pipeline\Pipeline.php(180): Illuminate\Foundation\Http\Middleware\ValidatePostSize->handle(Object(Illuminate\Http\Request), Object(Closure))
#49 D:\xampp\htdocs\ehs-backend\vendor\laravel\framework\src\Illuminate\Foundation\Http\Middleware\PreventRequestsDuringMaintenance.php(86): Illuminate\Pipeline\Pipeline->Illuminate\Pipeline\{closure}(Object(Illuminate\Http\Request))
#50 D:\xampp\htdocs\ehs-backend\vendor\laravel\framework\src\Illuminate\Pipeline\Pipeline.php(180): Illuminate\Foundation\Http\Middleware\PreventRequestsDuringMaintenance->handle(Object(Illuminate\Http\Request), Object(Closure))
#51 D:\xampp\htdocs\ehs-backend\vendor\laravel\framework\src\Illuminate\Http\Middleware\HandleCors.php(62): Illuminate\Pipeline\Pipeline->Illuminate\Pipeline\{closure}(Object(Illuminate\Http\Request))
#52 D:\xampp\htdocs\ehs-backend\vendor\laravel\framework\src\Illuminate\Pipeline\Pipeline.php(180): Illuminate\Http\Middleware\HandleCors->handle(Object(Illuminate\Http\Request), Object(Closure))
#53 D:\xampp\htdocs\ehs-backend\vendor\laravel\framework\src\Illuminate\Http\Middleware\TrustProxies.php(39): Illuminate\Pipeline\Pipeline->Illuminate\Pipeline\{closure}(Object(Illuminate\Http\Request))
#54 D:\xampp\htdocs\ehs-backend\vendor\laravel\framework\src\Illuminate\Pipeline\Pipeline.php(180): Illuminate\Http\Middleware\TrustProxies->handle(Object(Illuminate\Http\Request), Object(Closure))
#55 D:\xampp\htdocs\ehs-backend\vendor\laravel\framework\src\Illuminate\Pipeline\Pipeline.php(116): Illuminate\Pipeline\Pipeline->Illuminate\Pipeline\{closure}(Object(Illuminate\Http\Request))
#56 D:\xampp\htdocs\ehs-backend\vendor\laravel\framework\src\Illuminate\Foundation\Http\Kernel.php(165): Illuminate\Pipeline\Pipeline->then(Object(Closure))
#57 D:\xampp\htdocs\ehs-backend\vendor\laravel\framework\src\Illuminate\Foundation\Http\Kernel.php(134): Illuminate\Foundation\Http\Kernel->sendRequestThroughRouter(Object(Illuminate\Http\Request))
#58 D:\xampp\htdocs\ehs-backend\public\index.php(51): Illuminate\Foundation\Http\Kernel->handle(Object(Illuminate\Http\Request))
#59 D:\xampp\htdocs\ehs-backend\vendor\laravel\framework\src\Illuminate\Foundation\resources\server.php(16): require_once('D:\\xampp\\htdocs...')
#60 {main}

Next Illuminate\Database\QueryException: SQLSTATE[HY000] [2002] No connection could be made because the target machine actively refused it (SQL: select * from `user_codes` where (`code` = EHS-2025-0128) limit 1) in D:\xampp\htdocs\ehs-backend\vendor\laravel\framework\src\Illuminate\Database\Connection.php:760
Stack trace:
#0 D:\xampp\htdocs\ehs-backend\vendor\laravel\framework\src\Illuminate\Database\Connection.php(720): Illuminate\Database\Connection->runQueryCallback('select * from `...', Array, Object(Closure))
#1 D:\xampp\htdocs\ehs-backend\vendor\laravel\framework\src\Illuminate\Database\Connection.php(405): Illuminate\Database\Connection->run('select * from `...', Array, Object(Closure))
#2 D:\xampp\htdocs\ehs-backend\vendor\laravel\framework\src\Illuminate\Database\Query\Builder.php(2705): Illuminate\Database\Connection->select('select * from `...', Array, true)
#3 D:\xampp\htdocs\ehs-backend\vendor\laravel\framework\src\Illuminate\Database\Query\Builder.php(2694): Illuminate\Database\Query\Builder->runSelect()
#4 D:\xampp\htdocs\ehs-backend\vendor\laravel\framework\src\Illuminate\Database\Query\Builder.php(3230): Illuminate\Database\Query\Builder->Illuminate\Database\Query\{closure}()
#5 D:\xampp\htdocs\ehs-backend\vendor\laravel\framework\src\Illuminate\Database\Query\Builder.php(2693): Illuminate\Database\Query\Builder->onceWithColumns(Array, Object(Closure))
#6 D:\xampp\htdocs\ehs-backend\vendor\laravel\framework\src\Illuminate\Database\Eloquent\Builder.php(710): Illuminate\Database\Query\Builder->get(Array)
#7 D:\xampp\htdocs\ehs-backend\vendor\laravel\framework\src\Illuminate\Database\Eloquent\Builder.php(694): Illuminate\Database\Eloquent\Builder->getModels(Array)
#8 D:\xampp\htdocs\ehs-backend\vendor\laravel\framework\src\Illuminate\Database\Concerns\BuildsQueries.php(296): Illuminate\Database\Eloquent\Builder->get(Array)
#9 D:\xampp\htdocs\ehs-backend\app\Services\Facades\UserFacade.php(93): Illuminate\Database\Eloquent\Builder->first()
#10 D:\xampp\htdocs\ehs-backend\app\Services\Facades\UserFacade.php(69): App\Services\Facades\UserFacade->getCode('EHS-2025-0128')
#11 D:\xampp\htdocs\ehs-backend\app\Http\Controllers\User\UserController.php(202): App\Services\Facades\UserFacade->store(Object(Illuminate\Http\Request))
#12 D:\xampp\htdocs\ehs-backend\vendor\laravel\framework\src\Illuminate\Routing\Controller.php(54): App\Http\Controllers\User\UserController->store(Object(Illuminate\Http\Request))
#13 D:\xampp\htdocs\ehs-backend\vendor\laravel\framework\src\Illuminate\Routing\ControllerDispatcher.php(43): Illuminate\Routing\Controller->callAction('store', Array)
#14 D:\xampp\htdocs\ehs-backend\vendor\laravel\framework\src\Illuminate\Routing\Route.php(259): Illuminate\Routing\ControllerDispatcher->dispatch(Object(Illuminate\Routing\Route), Object(App\Http\Controllers\User\UserController), 'store')
#15 D:\xampp\htdocs\ehs-backend\vendor\laravel\framework\src\Illuminate\Routing\Route.php(205): Illuminate\Routing\Route->runController()
#16 D:\xampp\htdocs\ehs-backend\vendor\laravel\framework\src\Illuminate\Routing\Router.php(798): Illuminate\Routing\Route->run()
#17 D:\xampp\htdocs\ehs-backend\vendor\laravel\framework\src\Illuminate\Pipeline\Pipeline.php(141): Illuminate\Routing\Router->Illuminate\Routing\{closure}(Object(Illuminate\Http\Request))
#18 D:\xampp\htdocs\ehs-backend\vendor\laravel\framework\src\Illuminate\Routing\Middleware\SubstituteBindings.php(50): Illuminate\Pipeline\Pipeline->Illuminate\Pipeline\{closure}(Object(Illuminate\Http\Request))
#19 D:\xampp\htdocs\ehs-backend\vendor\laravel\framework\src\Illuminate\Pipeline\Pipeline.php(180): Illuminate\Routing\Middleware\SubstituteBindings->handle(Object(Illuminate\Http\Request), Object(Closure))
#20 D:\xampp\htdocs\ehs-backend\vendor\laravel\framework\src\Illuminate\Routing\Middleware\ThrottleRequests.php(126): Illuminate\Pipeline\Pipeline->Illuminate\Pipeline\{closure}(Object(Illuminate\Http\Request))
#21 D:\xampp\htdocs\ehs-backend\vendor\laravel\framework\src\Illuminate\Routing\Middleware\ThrottleRequests.php(92): Illuminate\Routing\Middleware\ThrottleRequests->handleRequest(Object(Illuminate\Http\Request), Object(Closure), Array)
#22 D:\xampp\htdocs\ehs-backend\vendor\laravel\framework\src\Illuminate\Routing\Middleware\ThrottleRequests.php(54): Illuminate\Routing\Middleware\ThrottleRequests->handleRequestUsingNamedLimiter(Object(Illuminate\Http\Request), Object(Closure), 'api', Object(Closure))
#23 D:\xampp\htdocs\ehs-backend\vendor\laravel\framework\src\Illuminate\Pipeline\Pipeline.php(180): Illuminate\Routing\Middleware\ThrottleRequests->handle(Object(Illuminate\Http\Request), Object(Closure), 'api')
#24 D:\xampp\htdocs\ehs-backend\vendor\laravel\framework\src\Illuminate\Pipeline\Pipeline.php(116): Illuminate\Pipeline\Pipeline->Illuminate\Pipeline\{closure}(Object(Illuminate\Http\Request))
#25 D:\xampp\htdocs\ehs-backend\vendor\laravel\framework\src\Illuminate\Routing\Router.php(797): Illuminate\Pipeline\Pipeline->then(Object(Closure))
#26 D:\xampp\htdocs\ehs-backend\vendor\laravel\framework\src\Illuminate\Routing\Router.php(776): Illuminate\Routing\Router->runRouteWithinStack(Object(Illuminate\Routing\Route), Object(Illuminate\Http\Request))
#27 D:\xampp\htdocs\ehs-backend\vendor\laravel\framework\src\Illuminate\Routing\Router.php(740): Illuminate\Routing\Router->runRoute(Object(Illuminate\Http\Request), Object(Illuminate\Routing\Route))
#28 D:\xampp\htdocs\ehs-backend\vendor\laravel\framework\src\Illuminate\Routing\Router.php(729): Illuminate\Routing\Router->dispatchToRoute(Object(Illuminate\Http\Request))
#29 D:\xampp\htdocs\ehs-backend\vendor\laravel\framework\src\Illuminate\Foundation\Http\Kernel.php(190): Illuminate\Routing\Router->dispatch(Object(Illuminate\Http\Request))
#30 D:\xampp\htdocs\ehs-backend\vendor\laravel\framework\src\Illuminate\Pipeline\Pipeline.php(141): Illuminate\Foundation\Http\Kernel->Illuminate\Foundation\Http\{closure}(Object(Illuminate\Http\Request))
#31 D:\xampp\htdocs\ehs-backend\vendor\laravel\framework\src\Illuminate\Foundation\Http\Middleware\TransformsRequest.php(21): Illuminate\Pipeline\Pipeline->Illuminate\Pipeline\{closure}(Object(Illuminate\Http\Request))
#32 D:\xampp\htdocs\ehs-backend\vendor\laravel\framework\src\Illuminate\Foundation\Http\Middleware\ConvertEmptyStringsToNull.php(31): Illuminate\Foundation\Http\Middleware\TransformsRequest->handle(Object(Illuminate\Http\Request), Object(Closure))
#33 D:\xampp\htdocs\ehs-backend\vendor\laravel\framework\src\Illuminate\Pipeline\Pipeline.php(180): Illuminate\Foundation\Http\Middleware\ConvertEmptyStringsToNull->handle(Object(Illuminate\Http\Request), Object(Closure))
#34 D:\xampp\htdocs\ehs-backend\vendor\laravel\framework\src\Illuminate\Foundation\Http\Middleware\TransformsRequest.php(21): Illuminate\Pipeline\Pipeline->Illuminate\Pipeline\{closure}(Object(Illuminate\Http\Request))
#35 D:\xampp\htdocs\ehs-backend\vendor\laravel\framework\src\Illuminate\Foundation\Http\Middleware\TrimStrings.php(40): Illuminate\Foundation\Http\Middleware\TransformsRequest->handle(Object(Illuminate\Http\Request), Object(Closure))
#36 D:\xampp\htdocs\ehs-backend\vendor\laravel\framework\src\Illuminate\Pipeline\Pipeline.php(180): Illuminate\Foundation\Http\Middleware\TrimStrings->handle(Object(Illuminate\Http\Request), Object(Closure))
#37 D:\xampp\htdocs\ehs-backend\vendor\laravel\framework\src\Illuminate\Foundation\Http\Middleware\ValidatePostSize.php(27): Illuminate\Pipeline\Pipeline->Illuminate\Pipeline\{closure}(Object(Illuminate\Http\Request))
#38 D:\xampp\htdocs\ehs-backend\vendor\laravel\framework\src\Illuminate\Pipeline\Pipeline.php(180): Illuminate\Foundation\Http\Middleware\ValidatePostSize->handle(Object(Illuminate\Http\Request), Object(Closure))
#39 D:\xampp\htdocs\ehs-backend\vendor\laravel\framework\src\Illuminate\Foundation\Http\Middleware\PreventRequestsDuringMaintenance.php(86): Illuminate\Pipeline\Pipeline->Illuminate\Pipeline\{closure}(Object(Illuminate\Http\Request))
#40 D:\xampp\htdocs\ehs-backend\vendor\laravel\framework\src\Illuminate\Pipeline\Pipeline.php(180): Illuminate\Foundation\Http\Middleware\PreventRequestsDuringMaintenance->handle(Object(Illuminate\Http\Request), Object(Closure))
#41 D:\xampp\htdocs\ehs-backend\vendor\laravel\framework\src\Illuminate\Http\Middleware\HandleCors.php(62): Illuminate\Pipeline\Pipeline->Illuminate\Pipeline\{closure}(Object(Illuminate\Http\Request))
#42 D:\xampp\htdocs\ehs-backend\vendor\laravel\framework\src\Illuminate\Pipeline\Pipeline.php(180): Illuminate\Http\Middleware\HandleCors->handle(Object(Illuminate\Http\Request), Object(Closure))
#43 D:\xampp\htdocs\ehs-backend\vendor\laravel\framework\src\Illuminate\Http\Middleware\TrustProxies.php(39): Illuminate\Pipeline\Pipeline->Illuminate\Pipeline\{closure}(Object(Illuminate\Http\Request))
#44 D:\xampp\htdocs\ehs-backend\vendor\laravel\framework\src\Illuminate\Pipeline\Pipeline.php(180): Illuminate\Http\Middleware\TrustProxies->handle(Object(Illuminate\Http\Request), Object(Closure))
#45 D:\xampp\htdocs\ehs-backend\vendor\laravel\framework\src\Illuminate\Pipeline\Pipeline.php(116): Illuminate\Pipeline\Pipeline->Illuminate\Pipeline\{closure}(Object(Illuminate\Http\Request))
#46 D:\xampp\htdocs\ehs-backend\vendor\laravel\framework\src\Illuminate\Foundation\Http\Kernel.php(165): Illuminate\Pipeline\Pipeline->then(Object(Closure))
#47 D:\xampp\htdocs\ehs-backend\vendor\laravel\framework\src\Illuminate\Foundation\Http\Kernel.php(134): Illuminate\Foundation\Http\Kernel->sendRequestThroughRouter(Object(Illuminate\Http\Request))
#48 D:\xampp\htdocs\ehs-backend\public\index.php(51): Illuminate\Foundation\Http\Kernel->handle(Object(Illuminate\Http\Request))
#49 D:\xampp\htdocs\ehs-backend\vendor\laravel\framework\src\Illuminate\Foundation\resources\server.php(16): require_once('D:\\xampp\\htdocs...')
#50 {main}  
[2026-01-22 16:35:08] local.ERROR: EHS Staff  
[2026-01-22 16:35:08] local.ERROR: EHS-2025-0001  
[2026-01-22 16:35:08] local.ERROR:   
[2026-01-22 16:35:10] local.ERROR: PDOException: SQLSTATE[HY000] [2002] No connection could be made because the target machine actively refused it in D:\xampp\htdocs\ehs-backend\vendor\laravel\framework\src\Illuminate\Database\Connectors\Connector.php:70
Stack trace:
#0 D:\xampp\htdocs\ehs-backend\vendor\laravel\framework\src\Illuminate\Database\Connectors\Connector.php(70): PDO->__construct('mysql:host=127....', 'root', Object(SensitiveParameterValue), Array)
#1 D:\xampp\htdocs\ehs-backend\vendor\laravel\framework\src\Illuminate\Database\Connectors\Connector.php(45): Illuminate\Database\Connectors\Connector->createPdoConnection('mysql:host=127....', 'root', '', Array)
#2 D:\xampp\htdocs\ehs-backend\vendor\laravel\framework\src\Illuminate\Database\Connectors\MySqlConnector.php(24): Illuminate\Database\Connectors\Connector->createConnection('mysql:host=127....', Array, Array)
#3 D:\xampp\htdocs\ehs-backend\vendor\laravel\framework\src\Illuminate\Database\Connectors\ConnectionFactory.php(184): Illuminate\Database\Connectors\MySqlConnector->connect(Array)
#4 [internal function]: Illuminate\Database\Connectors\ConnectionFactory->Illuminate\Database\Connectors\{closure}()
#5 D:\xampp\htdocs\ehs-backend\vendor\laravel\framework\src\Illuminate\Database\Connection.php(1181): call_user_func(Object(Closure))
#6 D:\xampp\htdocs\ehs-backend\vendor\laravel\framework\src\Illuminate\Database\Connection.php(1217): Illuminate\Database\Connection->getPdo()
#7 D:\xampp\htdocs\ehs-backend\vendor\laravel\framework\src\Illuminate\Database\Connection.php(486): Illuminate\Database\Connection->getReadPdo()
#8 D:\xampp\htdocs\ehs-backend\vendor\laravel\framework\src\Illuminate\Database\Connection.php(414): Illuminate\Database\Connection->getPdoForSelect(true)
#9 D:\xampp\htdocs\ehs-backend\vendor\laravel\framework\src\Illuminate\Database\Connection.php(753): Illuminate\Database\Connection->Illuminate\Database\{closure}('select * from `...', Array)
#10 D:\xampp\htdocs\ehs-backend\vendor\laravel\framework\src\Illuminate\Database\Connection.php(720): Illuminate\Database\Connection->runQueryCallback('select * from `...', Array, Object(Closure))
#11 D:\xampp\htdocs\ehs-backend\vendor\laravel\framework\src\Illuminate\Database\Connection.php(405): Illuminate\Database\Connection->run('select * from `...', Array, Object(Closure))
#12 D:\xampp\htdocs\ehs-backend\vendor\laravel\framework\src\Illuminate\Database\Query\Builder.php(2705): Illuminate\Database\Connection->select('select * from `...', Array, true)
#13 D:\xampp\htdocs\ehs-backend\vendor\laravel\framework\src\Illuminate\Database\Query\Builder.php(2694): Illuminate\Database\Query\Builder->runSelect()
#14 D:\xampp\htdocs\ehs-backend\vendor\laravel\framework\src\Illuminate\Database\Query\Builder.php(3230): Illuminate\Database\Query\Builder->Illuminate\Database\Query\{closure}()
#15 D:\xampp\htdocs\ehs-backend\vendor\laravel\framework\src\Illuminate\Database\Query\Builder.php(2693): Illuminate\Database\Query\Builder->onceWithColumns(Array, Object(Closure))
#16 D:\xampp\htdocs\ehs-backend\vendor\laravel\framework\src\Illuminate\Database\Eloquent\Builder.php(710): Illuminate\Database\Query\Builder->get(Array)
#17 D:\xampp\htdocs\ehs-backend\vendor\laravel\framework\src\Illuminate\Database\Eloquent\Builder.php(694): Illuminate\Database\Eloquent\Builder->getModels(Array)
#18 D:\xampp\htdocs\ehs-backend\vendor\laravel\framework\src\Illuminate\Database\Concerns\BuildsQueries.php(296): Illuminate\Database\Eloquent\Builder->get(Array)
#19 D:\xampp\htdocs\ehs-backend\app\Services\Facades\UserFacade.php(93): Illuminate\Database\Eloquent\Builder->first()
#20 D:\xampp\htdocs\ehs-backend\app\Services\Facades\UserFacade.php(69): App\Services\Facades\UserFacade->getCode('EHS-2025-0001')
#21 D:\xampp\htdocs\ehs-backend\app\Http\Controllers\User\UserController.php(202): App\Services\Facades\UserFacade->store(Object(Illuminate\Http\Request))
#22 D:\xampp\htdocs\ehs-backend\vendor\laravel\framework\src\Illuminate\Routing\Controller.php(54): App\Http\Controllers\User\UserController->store(Object(Illuminate\Http\Request))
#23 D:\xampp\htdocs\ehs-backend\vendor\laravel\framework\src\Illuminate\Routing\ControllerDispatcher.php(43): Illuminate\Routing\Controller->callAction('store', Array)
#24 D:\xampp\htdocs\ehs-backend\vendor\laravel\framework\src\Illuminate\Routing\Route.php(259): Illuminate\Routing\ControllerDispatcher->dispatch(Object(Illuminate\Routing\Route), Object(App\Http\Controllers\User\UserController), 'store')
#25 D:\xampp\htdocs\ehs-backend\vendor\laravel\framework\src\Illuminate\Routing\Route.php(205): Illuminate\Routing\Route->runController()
#26 D:\xampp\htdocs\ehs-backend\vendor\laravel\framework\src\Illuminate\Routing\Router.php(798): Illuminate\Routing\Route->run()
#27 D:\xampp\htdocs\ehs-backend\vendor\laravel\framework\src\Illuminate\Pipeline\Pipeline.php(141): Illuminate\Routing\Router->Illuminate\Routing\{closure}(Object(Illuminate\Http\Request))
#28 D:\xampp\htdocs\ehs-backend\vendor\laravel\framework\src\Illuminate\Routing\Middleware\SubstituteBindings.php(50): Illuminate\Pipeline\Pipeline->Illuminate\Pipeline\{closure}(Object(Illuminate\Http\Request))
#29 D:\xampp\htdocs\ehs-backend\vendor\laravel\framework\src\Illuminate\Pipeline\Pipeline.php(180): Illuminate\Routing\Middleware\SubstituteBindings->handle(Object(Illuminate\Http\Request), Object(Closure))
#30 D:\xampp\htdocs\ehs-backend\vendor\laravel\framework\src\Illuminate\Routing\Middleware\ThrottleRequests.php(126): Illuminate\Pipeline\Pipeline->Illuminate\Pipeline\{closure}(Object(Illuminate\Http\Request))
#31 D:\xampp\htdocs\ehs-backend\vendor\laravel\framework\src\Illuminate\Routing\Middleware\ThrottleRequests.php(92): Illuminate\Routing\Middleware\ThrottleRequests->handleRequest(Object(Illuminate\Http\Request), Object(Closure), Array)
#32 D:\xampp\htdocs\ehs-backend\vendor\laravel\framework\src\Illuminate\Routing\Middleware\ThrottleRequests.php(54): Illuminate\Routing\Middleware\ThrottleRequests->handleRequestUsingNamedLimiter(Object(Illuminate\Http\Request), Object(Closure), 'api', Object(Closure))
#33 D:\xampp\htdocs\ehs-backend\vendor\laravel\framework\src\Illuminate\Pipeline\Pipeline.php(180): Illuminate\Routing\Middleware\ThrottleRequests->handle(Object(Illuminate\Http\Request), Object(Closure), 'api')
#34 D:\xampp\htdocs\ehs-backend\vendor\laravel\framework\src\Illuminate\Pipeline\Pipeline.php(116): Illuminate\Pipeline\Pipeline->Illuminate\Pipeline\{closure}(Object(Illuminate\Http\Request))
#35 D:\xampp\htdocs\ehs-backend\vendor\laravel\framework\src\Illuminate\Routing\Router.php(797): Illuminate\Pipeline\Pipeline->then(Object(Closure))
#36 D:\xampp\htdocs\ehs-backend\vendor\laravel\framework\src\Illuminate\Routing\Router.php(776): Illuminate\Routing\Router->runRouteWithinStack(Object(Illuminate\Routing\Route), Object(Illuminate\Http\Request))
#37 D:\xampp\htdocs\ehs-backend\vendor\laravel\framework\src\Illuminate\Routing\Router.php(740): Illuminate\Routing\Router->runRoute(Object(Illuminate\Http\Request), Object(Illuminate\Routing\Route))
#38 D:\xampp\htdocs\ehs-backend\vendor\laravel\framework\src\Illuminate\Routing\Router.php(729): Illuminate\Routing\Router->dispatchToRoute(Object(Illuminate\Http\Request))
#39 D:\xampp\htdocs\ehs-backend\vendor\laravel\framework\src\Illuminate\Foundation\Http\Kernel.php(190): Illuminate\Routing\Router->dispatch(Object(Illuminate\Http\Request))
#40 D:\xampp\htdocs\ehs-backend\vendor\laravel\framework\src\Illuminate\Pipeline\Pipeline.php(141): Illuminate\Foundation\Http\Kernel->Illuminate\Foundation\Http\{closure}(Object(Illuminate\Http\Request))
#41 D:\xampp\htdocs\ehs-backend\vendor\laravel\framework\src\Illuminate\Foundation\Http\Middleware\TransformsRequest.php(21): Illuminate\Pipeline\Pipeline->Illuminate\Pipeline\{closure}(Object(Illuminate\Http\Request))
#42 D:\xampp\htdocs\ehs-backend\vendor\laravel\framework\src\Illuminate\Foundation\Http\Middleware\ConvertEmptyStringsToNull.php(31): Illuminate\Foundation\Http\Middleware\TransformsRequest->handle(Object(Illuminate\Http\Request), Object(Closure))
#43 D:\xampp\htdocs\ehs-backend\vendor\laravel\framework\src\Illuminate\Pipeline\Pipeline.php(180): Illuminate\Foundation\Http\Middleware\ConvertEmptyStringsToNull->handle(Object(Illuminate\Http\Request), Object(Closure))
#44 D:\xampp\htdocs\ehs-backend\vendor\laravel\framework\src\Illuminate\Foundation\Http\Middleware\TransformsRequest.php(21): Illuminate\Pipeline\Pipeline->Illuminate\Pipeline\{closure}(Object(Illuminate\Http\Request))
#45 D:\xampp\htdocs\ehs-backend\vendor\laravel\framework\src\Illuminate\Foundation\Http\Middleware\TrimStrings.php(40): Illuminate\Foundation\Http\Middleware\TransformsRequest->handle(Object(Illuminate\Http\Request), Object(Closure))
#46 D:\xampp\htdocs\ehs-backend\vendor\laravel\framework\src\Illuminate\Pipeline\Pipeline.php(180): Illuminate\Foundation\Http\Middleware\TrimStrings->handle(Object(Illuminate\Http\Request), Object(Closure))
#47 D:\xampp\htdocs\ehs-backend\vendor\laravel\framework\src\Illuminate\Foundation\Http\Middleware\ValidatePostSize.php(27): Illuminate\Pipeline\Pipeline->Illuminate\Pipeline\{closure}(Object(Illuminate\Http\Request))
#48 D:\xampp\htdocs\ehs-backend\vendor\laravel\framework\src\Illuminate\Pipeline\Pipeline.php(180): Illuminate\Foundation\Http\Middleware\ValidatePostSize->handle(Object(Illuminate\Http\Request), Object(Closure))
#49 D:\xampp\htdocs\ehs-backend\vendor\laravel\framework\src\Illuminate\Foundation\Http\Middleware\PreventRequestsDuringMaintenance.php(86): Illuminate\Pipeline\Pipeline->Illuminate\Pipeline\{closure}(Object(Illuminate\Http\Request))
#50 D:\xampp\htdocs\ehs-backend\vendor\laravel\framework\src\Illuminate\Pipeline\Pipeline.php(180): Illuminate\Foundation\Http\Middleware\PreventRequestsDuringMaintenance->handle(Object(Illuminate\Http\Request), Object(Closure))
#51 D:\xampp\htdocs\ehs-backend\vendor\laravel\framework\src\Illuminate\Http\Middleware\HandleCors.php(62): Illuminate\Pipeline\Pipeline->Illuminate\Pipeline\{closure}(Object(Illuminate\Http\Request))
#52 D:\xampp\htdocs\ehs-backend\vendor\laravel\framework\src\Illuminate\Pipeline\Pipeline.php(180): Illuminate\Http\Middleware\HandleCors->handle(Object(Illuminate\Http\Request), Object(Closure))
#53 D:\xampp\htdocs\ehs-backend\vendor\laravel\framework\src\Illuminate\Http\Middleware\TrustProxies.php(39): Illuminate\Pipeline\Pipeline->Illuminate\Pipeline\{closure}(Object(Illuminate\Http\Request))
#54 D:\xampp\htdocs\ehs-backend\vendor\laravel\framework\src\Illuminate\Pipeline\Pipeline.php(180): Illuminate\Http\Middleware\TrustProxies->handle(Object(Illuminate\Http\Request), Object(Closure))
#55 D:\xampp\htdocs\ehs-backend\vendor\laravel\framework\src\Illuminate\Pipeline\Pipeline.php(116): Illuminate\Pipeline\Pipeline->Illuminate\Pipeline\{closure}(Object(Illuminate\Http\Request))
#56 D:\xampp\htdocs\ehs-backend\vendor\laravel\framework\src\Illuminate\Foundation\Http\Kernel.php(165): Illuminate\Pipeline\Pipeline->then(Object(Closure))
#57 D:\xampp\htdocs\ehs-backend\vendor\laravel\framework\src\Illuminate\Foundation\Http\Kernel.php(134): Illuminate\Foundation\Http\Kernel->sendRequestThroughRouter(Object(Illuminate\Http\Request))
#58 D:\xampp\htdocs\ehs-backend\public\index.php(51): Illuminate\Foundation\Http\Kernel->handle(Object(Illuminate\Http\Request))
#59 D:\xampp\htdocs\ehs-backend\vendor\laravel\framework\src\Illuminate\Foundation\resources\server.php(16): require_once('D:\\xampp\\htdocs...')
#60 {main}

Next Illuminate\Database\QueryException: SQLSTATE[HY000] [2002] No connection could be made because the target machine actively refused it (SQL: select * from `user_codes` where (`code` = EHS-2025-0001) limit 1) in D:\xampp\htdocs\ehs-backend\vendor\laravel\framework\src\Illuminate\Database\Connection.php:760
Stack trace:
#0 D:\xampp\htdocs\ehs-backend\vendor\laravel\framework\src\Illuminate\Database\Connection.php(720): Illuminate\Database\Connection->runQueryCallback('select * from `...', Array, Object(Closure))
#1 D:\xampp\htdocs\ehs-backend\vendor\laravel\framework\src\Illuminate\Database\Connection.php(405): Illuminate\Database\Connection->run('select * from `...', Array, Object(Closure))
#2 D:\xampp\htdocs\ehs-backend\vendor\laravel\framework\src\Illuminate\Database\Query\Builder.php(2705): Illuminate\Database\Connection->select('select * from `...', Array, true)
#3 D:\xampp\htdocs\ehs-backend\vendor\laravel\framework\src\Illuminate\Database\Query\Builder.php(2694): Illuminate\Database\Query\Builder->runSelect()
#4 D:\xampp\htdocs\ehs-backend\vendor\laravel\framework\src\Illuminate\Database\Query\Builder.php(3230): Illuminate\Database\Query\Builder->Illuminate\Database\Query\{closure}()
#5 D:\xampp\htdocs\ehs-backend\vendor\laravel\framework\src\Illuminate\Database\Query\Builder.php(2693): Illuminate\Database\Query\Builder->onceWithColumns(Array, Object(Closure))
#6 D:\xampp\htdocs\ehs-backend\vendor\laravel\framework\src\Illuminate\Database\Eloquent\Builder.php(710): Illuminate\Database\Query\Builder->get(Array)
#7 D:\xampp\htdocs\ehs-backend\vendor\laravel\framework\src\Illuminate\Database\Eloquent\Builder.php(694): Illuminate\Database\Eloquent\Builder->getModels(Array)
#8 D:\xampp\htdocs\ehs-backend\vendor\laravel\framework\src\Illuminate\Database\Concerns\BuildsQueries.php(296): Illuminate\Database\Eloquent\Builder->get(Array)
#9 D:\xampp\htdocs\ehs-backend\app\Services\Facades\UserFacade.php(93): Illuminate\Database\Eloquent\Builder->first()
#10 D:\xampp\htdocs\ehs-backend\app\Services\Facades\UserFacade.php(69): App\Services\Facades\UserFacade->getCode('EHS-2025-0001')
#11 D:\xampp\htdocs\ehs-backend\app\Http\Controllers\User\UserController.php(202): App\Services\Facades\UserFacade->store(Object(Illuminate\Http\Request))
#12 D:\xampp\htdocs\ehs-backend\vendor\laravel\framework\src\Illuminate\Routing\Controller.php(54): App\Http\Controllers\User\UserController->store(Object(Illuminate\Http\Request))
#13 D:\xampp\htdocs\ehs-backend\vendor\laravel\framework\src\Illuminate\Routing\ControllerDispatcher.php(43): Illuminate\Routing\Controller->callAction('store', Array)
#14 D:\xampp\htdocs\ehs-backend\vendor\laravel\framework\src\Illuminate\Routing\Route.php(259): Illuminate\Routing\ControllerDispatcher->dispatch(Object(Illuminate\Routing\Route), Object(App\Http\Controllers\User\UserController), 'store')
#15 D:\xampp\htdocs\ehs-backend\vendor\laravel\framework\src\Illuminate\Routing\Route.php(205): Illuminate\Routing\Route->runController()
#16 D:\xampp\htdocs\ehs-backend\vendor\laravel\framework\src\Illuminate\Routing\Router.php(798): Illuminate\Routing\Route->run()
#17 D:\xampp\htdocs\ehs-backend\vendor\laravel\framework\src\Illuminate\Pipeline\Pipeline.php(141): Illuminate\Routing\Router->Illuminate\Routing\{closure}(Object(Illuminate\Http\Request))
#18 D:\xampp\htdocs\ehs-backend\vendor\laravel\framework\src\Illuminate\Routing\Middleware\SubstituteBindings.php(50): Illuminate\Pipeline\Pipeline->Illuminate\Pipeline\{closure}(Object(Illuminate\Http\Request))
#19 D:\xampp\htdocs\ehs-backend\vendor\laravel\framework\src\Illuminate\Pipeline\Pipeline.php(180): Illuminate\Routing\Middleware\SubstituteBindings->handle(Object(Illuminate\Http\Request), Object(Closure))
#20 D:\xampp\htdocs\ehs-backend\vendor\laravel\framework\src\Illuminate\Routing\Middleware\ThrottleRequests.php(126): Illuminate\Pipeline\Pipeline->Illuminate\Pipeline\{closure}(Object(Illuminate\Http\Request))
#21 D:\xampp\htdocs\ehs-backend\vendor\laravel\framework\src\Illuminate\Routing\Middleware\ThrottleRequests.php(92): Illuminate\Routing\Middleware\ThrottleRequests->handleRequest(Object(Illuminate\Http\Request), Object(Closure), Array)
#22 D:\xampp\htdocs\ehs-backend\vendor\laravel\framework\src\Illuminate\Routing\Middleware\ThrottleRequests.php(54): Illuminate\Routing\Middleware\ThrottleRequests->handleRequestUsingNamedLimiter(Object(Illuminate\Http\Request), Object(Closure), 'api', Object(Closure))
#23 D:\xampp\htdocs\ehs-backend\vendor\laravel\framework\src\Illuminate\Pipeline\Pipeline.php(180): Illuminate\Routing\Middleware\ThrottleRequests->handle(Object(Illuminate\Http\Request), Object(Closure), 'api')
#24 D:\xampp\htdocs\ehs-backend\vendor\laravel\framework\src\Illuminate\Pipeline\Pipeline.php(116): Illuminate\Pipeline\Pipeline->Illuminate\Pipeline\{closure}(Object(Illuminate\Http\Request))
#25 D:\xampp\htdocs\ehs-backend\vendor\laravel\framework\src\Illuminate\Routing\Router.php(797): Illuminate\Pipeline\Pipeline->then(Object(Closure))
#26 D:\xampp\htdocs\ehs-backend\vendor\laravel\framework\src\Illuminate\Routing\Router.php(776): Illuminate\Routing\Router->runRouteWithinStack(Object(Illuminate\Routing\Route), Object(Illuminate\Http\Request))
#27 D:\xampp\htdocs\ehs-backend\vendor\laravel\framework\src\Illuminate\Routing\Router.php(740): Illuminate\Routing\Router->runRoute(Object(Illuminate\Http\Request), Object(Illuminate\Routing\Route))
#28 D:\xampp\htdocs\ehs-backend\vendor\laravel\framework\src\Illuminate\Routing\Router.php(729): Illuminate\Routing\Router->dispatchToRoute(Object(Illuminate\Http\Request))
#29 D:\xampp\htdocs\ehs-backend\vendor\laravel\framework\src\Illuminate\Foundation\Http\Kernel.php(190): Illuminate\Routing\Router->dispatch(Object(Illuminate\Http\Request))
#30 D:\xampp\htdocs\ehs-backend\vendor\laravel\framework\src\Illuminate\Pipeline\Pipeline.php(141): Illuminate\Foundation\Http\Kernel->Illuminate\Foundation\Http\{closure}(Object(Illuminate\Http\Request))
#31 D:\xampp\htdocs\ehs-backend\vendor\laravel\framework\src\Illuminate\Foundation\Http\Middleware\TransformsRequest.php(21): Illuminate\Pipeline\Pipeline->Illuminate\Pipeline\{closure}(Object(Illuminate\Http\Request))
#32 D:\xampp\htdocs\ehs-backend\vendor\laravel\framework\src\Illuminate\Foundation\Http\Middleware\ConvertEmptyStringsToNull.php(31): Illuminate\Foundation\Http\Middleware\TransformsRequest->handle(Object(Illuminate\Http\Request), Object(Closure))
#33 D:\xampp\htdocs\ehs-backend\vendor\laravel\framework\src\Illuminate\Pipeline\Pipeline.php(180): Illuminate\Foundation\Http\Middleware\ConvertEmptyStringsToNull->handle(Object(Illuminate\Http\Request), Object(Closure))
#34 D:\xampp\htdocs\ehs-backend\vendor\laravel\framework\src\Illuminate\Foundation\Http\Middleware\TransformsRequest.php(21): Illuminate\Pipeline\Pipeline->Illuminate\Pipeline\{closure}(Object(Illuminate\Http\Request))
#35 D:\xampp\htdocs\ehs-backend\vendor\laravel\framework\src\Illuminate\Foundation\Http\Middleware\TrimStrings.php(40): Illuminate\Foundation\Http\Middleware\TransformsRequest->handle(Object(Illuminate\Http\Request), Object(Closure))
#36 D:\xampp\htdocs\ehs-backend\vendor\laravel\framework\src\Illuminate\Pipeline\Pipeline.php(180): Illuminate\Foundation\Http\Middleware\TrimStrings->handle(Object(Illuminate\Http\Request), Object(Closure))
#37 D:\xampp\htdocs\ehs-backend\vendor\laravel\framework\src\Illuminate\Foundation\Http\Middleware\ValidatePostSize.php(27): Illuminate\Pipeline\Pipeline->Illuminate\Pipeline\{closure}(Object(Illuminate\Http\Request))
#38 D:\xampp\htdocs\ehs-backend\vendor\laravel\framework\src\Illuminate\Pipeline\Pipeline.php(180): Illuminate\Foundation\Http\Middleware\ValidatePostSize->handle(Object(Illuminate\Http\Request), Object(Closure))
#39 D:\xampp\htdocs\ehs-backend\vendor\laravel\framework\src\Illuminate\Foundation\Http\Middleware\PreventRequestsDuringMaintenance.php(86): Illuminate\Pipeline\Pipeline->Illuminate\Pipeline\{closure}(Object(Illuminate\Http\Request))
#40 D:\xampp\htdocs\ehs-backend\vendor\laravel\framework\src\Illuminate\Pipeline\Pipeline.php(180): Illuminate\Foundation\Http\Middleware\PreventRequestsDuringMaintenance->handle(Object(Illuminate\Http\Request), Object(Closure))
#41 D:\xampp\htdocs\ehs-backend\vendor\laravel\framework\src\Illuminate\Http\Middleware\HandleCors.php(62): Illuminate\Pipeline\Pipeline->Illuminate\Pipeline\{closure}(Object(Illuminate\Http\Request))
#42 D:\xampp\htdocs\ehs-backend\vendor\laravel\framework\src\Illuminate\Pipeline\Pipeline.php(180): Illuminate\Http\Middleware\HandleCors->handle(Object(Illuminate\Http\Request), Object(Closure))
#43 D:\xampp\htdocs\ehs-backend\vendor\laravel\framework\src\Illuminate\Http\Middleware\TrustProxies.php(39): Illuminate\Pipeline\Pipeline->Illuminate\Pipeline\{closure}(Object(Illuminate\Http\Request))
#44 D:\xampp\htdocs\ehs-backend\vendor\laravel\framework\src\Illuminate\Pipeline\Pipeline.php(180): Illuminate\Http\Middleware\TrustProxies->handle(Object(Illuminate\Http\Request), Object(Closure))
#45 D:\xampp\htdocs\ehs-backend\vendor\laravel\framework\src\Illuminate\Pipeline\Pipeline.php(116): Illuminate\Pipeline\Pipeline->Illuminate\Pipeline\{closure}(Object(Illuminate\Http\Request))
#46 D:\xampp\htdocs\ehs-backend\vendor\laravel\framework\src\Illuminate\Foundation\Http\Kernel.php(165): Illuminate\Pipeline\Pipeline->then(Object(Closure))
#47 D:\xampp\htdocs\ehs-backend\vendor\laravel\framework\src\Illuminate\Foundation\Http\Kernel.php(134): Illuminate\Foundation\Http\Kernel->sendRequestThroughRouter(Object(Illuminate\Http\Request))
#48 D:\xampp\htdocs\ehs-backend\public\index.php(51): Illuminate\Foundation\Http\Kernel->handle(Object(Illuminate\Http\Request))
#49 D:\xampp\htdocs\ehs-backend\vendor\laravel\framework\src\Illuminate\Foundation\resources\server.php(16): require_once('D:\\xampp\\htdocs...')
#50 {main}  
[2026-01-22 16:35:42] local.ERROR: EHS Staff  
[2026-01-22 16:35:42] local.ERROR: EHS-2025-0026  
[2026-01-22 16:35:42] local.ERROR:   
[2026-01-22 16:35:45] local.ERROR: Mandrill Error: Please provide a valid cache path.  
[2026-01-22 16:35:45] local.ERROR: Email failed for user ID: 1047  
[2026-01-22 16:43:36] local.ERROR: EHS Staff  
[2026-01-22 16:43:36] local.ERROR: EHS-2025-0027  
[2026-01-22 16:43:36] local.ERROR:   
[2026-01-22 16:43:36] local.ERROR: Email render/send failed {"error":"Please provide a valid cache path.","view":"thanks","user_id":1048} 
[2026-01-22 16:43:36] local.ERROR: Email failed for user ID: 1048  
[2026-01-22 16:45:20] local.ERROR: EHS Staff  
[2026-01-22 16:45:20] local.ERROR: EHS-2025-0028  
[2026-01-22 16:45:20] local.ERROR:   
[2026-01-22 17:04:03] local.ERROR: EHS Staff  
[2026-01-22 17:04:03] local.ERROR: EHS-2025-0030  
[2026-01-22 17:04:03] local.ERROR:   
[2026-01-22 17:04:03] local.ERROR: Email render/send failed {"error":"Please provide a valid cache path.","view":"thanks","user_id":1050} 
[2026-01-22 17:04:03] local.ERROR: Email failed for user ID: 1050  
[2026-01-22 17:06:45] local.ERROR: EHS Staff  
[2026-01-22 17:06:45] local.ERROR: EHS-2025-0031  
[2026-01-22 17:06:45] local.ERROR:   
[2026-01-22 17:06:45] local.ERROR: Email render/send failed {"error":"Class \"App\\Helper\\View\" not found","view":"thanks","user_id":1051} 
[2026-01-22 17:06:45] local.ERROR: Email failed for user ID: 1051  
[2026-01-22 17:10:45] local.ERROR: EHS Staff  
[2026-01-22 17:10:45] local.ERROR: EHS-2025-0033  
[2026-01-22 17:10:45] local.ERROR:   
[2026-01-22 17:10:45] local.ERROR: Email render/send failed {"error":"Class \"App\\Helper\\View\" not found","view":"welcome","user_id":1052} 
[2026-01-22 17:10:45] local.ERROR: Email failed for user ID: 1052  
[2026-01-22 17:15:26] local.ERROR: EHS Staff  
[2026-01-22 17:15:26] local.ERROR: EHS-2025-0035  
[2026-01-22 17:15:26] local.ERROR:   
[2026-01-22 17:15:26] local.ERROR: PDOException: SQLSTATE[23000]: Integrity constraint violation: 1062 Duplicate entry 'ebinkuriakose3006@yopmail.com' for key 'users_email_unique' in D:\xampp\htdocs\ehs-backend\vendor\laravel\framework\src\Illuminate\Database\Connection.php:545
Stack trace:
#0 D:\xampp\htdocs\ehs-backend\vendor\laravel\framework\src\Illuminate\Database\Connection.php(545): PDOStatement->execute()
#1 D:\xampp\htdocs\ehs-backend\vendor\laravel\framework\src\Illuminate\Database\Connection.php(753): Illuminate\Database\Connection->Illuminate\Database\{closure}('insert into `us...', Array)
#2 D:\xampp\htdocs\ehs-backend\vendor\laravel\framework\src\Illuminate\Database\Connection.php(720): Illuminate\Database\Connection->runQueryCallback('insert into `us...', Array, Object(Closure))
#3 D:\xampp\htdocs\ehs-backend\vendor\laravel\framework\src\Illuminate\Database\Connection.php(534): Illuminate\Database\Connection->run('insert into `us...', Array, Object(Closure))
#4 D:\xampp\htdocs\ehs-backend\vendor\laravel\framework\src\Illuminate\Database\Connection.php(498): Illuminate\Database\Connection->statement('insert into `us...', Array)
#5 D:\xampp\htdocs\ehs-backend\vendor\laravel\framework\src\Illuminate\Database\Query\Processors\Processor.php(32): Illuminate\Database\Connection->insert('insert into `us...', Array)
#6 D:\xampp\htdocs\ehs-backend\vendor\laravel\framework\src\Illuminate\Database\Query\Builder.php(3322): Illuminate\Database\Query\Processors\Processor->processInsertGetId(Object(Illuminate\Database\Query\Builder), 'insert into `us...', Array, 'id')
#7 D:\xampp\htdocs\ehs-backend\vendor\laravel\framework\src\Illuminate\Database\Eloquent\Builder.php(1869): Illuminate\Database\Query\Builder->insertGetId(Array, 'id')
#8 D:\xampp\htdocs\ehs-backend\vendor\laravel\framework\src\Illuminate\Database\Eloquent\Model.php(1330): Illuminate\Database\Eloquent\Builder->__call('insertGetId', Array)
#9 D:\xampp\htdocs\ehs-backend\vendor\laravel\framework\src\Illuminate\Database\Eloquent\Model.php(1295): Illuminate\Database\Eloquent\Model->insertAndSetId(Object(Illuminate\Database\Eloquent\Builder), Array)
#10 D:\xampp\htdocs\ehs-backend\vendor\laravel\framework\src\Illuminate\Database\Eloquent\Model.php(1138): Illuminate\Database\Eloquent\Model->performInsert(Object(Illuminate\Database\Eloquent\Builder))
#11 D:\xampp\htdocs\ehs-backend\vendor\laravel\framework\src\Illuminate\Database\Eloquent\Builder.php(986): Illuminate\Database\Eloquent\Model->save()
#12 D:\xampp\htdocs\ehs-backend\vendor\laravel\framework\src\Illuminate\Support\helpers.php(306): Illuminate\Database\Eloquent\Builder->Illuminate\Database\Eloquent\{closure}(Object(App\Models\User))
#13 D:\xampp\htdocs\ehs-backend\vendor\laravel\framework\src\Illuminate\Database\Eloquent\Builder.php(985): tap(Object(App\Models\User), Object(Closure))
#14 D:\xampp\htdocs\ehs-backend\app\Services\Facades\UserFacade.php(86): Illuminate\Database\Eloquent\Builder->create(Array)
#15 D:\xampp\htdocs\ehs-backend\app\Http\Controllers\User\UserController.php(202): App\Services\Facades\UserFacade->store(Object(Illuminate\Http\Request))
#16 D:\xampp\htdocs\ehs-backend\vendor\laravel\framework\src\Illuminate\Routing\Controller.php(54): App\Http\Controllers\User\UserController->store(Object(Illuminate\Http\Request))
#17 D:\xampp\htdocs\ehs-backend\vendor\laravel\framework\src\Illuminate\Routing\ControllerDispatcher.php(43): Illuminate\Routing\Controller->callAction('store', Array)
#18 D:\xampp\htdocs\ehs-backend\vendor\laravel\framework\src\Illuminate\Routing\Route.php(259): Illuminate\Routing\ControllerDispatcher->dispatch(Object(Illuminate\Routing\Route), Object(App\Http\Controllers\User\UserController), 'store')
#19 D:\xampp\htdocs\ehs-backend\vendor\laravel\framework\src\Illuminate\Routing\Route.php(205): Illuminate\Routing\Route->runController()
#20 D:\xampp\htdocs\ehs-backend\vendor\laravel\framework\src\Illuminate\Routing\Router.php(798): Illuminate\Routing\Route->run()
#21 D:\xampp\htdocs\ehs-backend\vendor\laravel\framework\src\Illuminate\Pipeline\Pipeline.php(141): Illuminate\Routing\Router->Illuminate\Routing\{closure}(Object(Illuminate\Http\Request))
#22 D:\xampp\htdocs\ehs-backend\vendor\laravel\framework\src\Illuminate\Routing\Middleware\SubstituteBindings.php(50): Illuminate\Pipeline\Pipeline->Illuminate\Pipeline\{closure}(Object(Illuminate\Http\Request))
#23 D:\xampp\htdocs\ehs-backend\vendor\laravel\framework\src\Illuminate\Pipeline\Pipeline.php(180): Illuminate\Routing\Middleware\SubstituteBindings->handle(Object(Illuminate\Http\Request), Object(Closure))
#24 D:\xampp\htdocs\ehs-backend\vendor\laravel\framework\src\Illuminate\Routing\Middleware\ThrottleRequests.php(126): Illuminate\Pipeline\Pipeline->Illuminate\Pipeline\{closure}(Object(Illuminate\Http\Request))
#25 D:\xampp\htdocs\ehs-backend\vendor\laravel\framework\src\Illuminate\Routing\Middleware\ThrottleRequests.php(92): Illuminate\Routing\Middleware\ThrottleRequests->handleRequest(Object(Illuminate\Http\Request), Object(Closure), Array)
#26 D:\xampp\htdocs\ehs-backend\vendor\laravel\framework\src\Illuminate\Routing\Middleware\ThrottleRequests.php(54): Illuminate\Routing\Middleware\ThrottleRequests->handleRequestUsingNamedLimiter(Object(Illuminate\Http\Request), Object(Closure), 'api', Object(Closure))
#27 D:\xampp\htdocs\ehs-backend\vendor\laravel\framework\src\Illuminate\Pipeline\Pipeline.php(180): Illuminate\Routing\Middleware\ThrottleRequests->handle(Object(Illuminate\Http\Request), Object(Closure), 'api')
#28 D:\xampp\htdocs\ehs-backend\vendor\laravel\framework\src\Illuminate\Pipeline\Pipeline.php(116): Illuminate\Pipeline\Pipeline->Illuminate\Pipeline\{closure}(Object(Illuminate\Http\Request))
#29 D:\xampp\htdocs\ehs-backend\vendor\laravel\framework\src\Illuminate\Routing\Router.php(797): Illuminate\Pipeline\Pipeline->then(Object(Closure))
#30 D:\xampp\htdocs\ehs-backend\vendor\laravel\framework\src\Illuminate\Routing\Router.php(776): Illuminate\Routing\Router->runRouteWithinStack(Object(Illuminate\Routing\Route), Object(Illuminate\Http\Request))
#31 D:\xampp\htdocs\ehs-backend\vendor\laravel\framework\src\Illuminate\Routing\Router.php(740): Illuminate\Routing\Router->runRoute(Object(Illuminate\Http\Request), Object(Illuminate\Routing\Route))
#32 D:\xampp\htdocs\ehs-backend\vendor\laravel\framework\src\Illuminate\Routing\Router.php(729): Illuminate\Routing\Router->dispatchToRoute(Object(Illuminate\Http\Request))
#33 D:\xampp\htdocs\ehs-backend\vendor\laravel\framework\src\Illuminate\Foundation\Http\Kernel.php(190): Illuminate\Routing\Router->dispatch(Object(Illuminate\Http\Request))
#34 D:\xampp\htdocs\ehs-backend\vendor\laravel\framework\src\Illuminate\Pipeline\Pipeline.php(141): Illuminate\Foundation\Http\Kernel->Illuminate\Foundation\Http\{closure}(Object(Illuminate\Http\Request))
#35 D:\xampp\htdocs\ehs-backend\vendor\laravel\framework\src\Illuminate\Foundation\Http\Middleware\TransformsRequest.php(21): Illuminate\Pipeline\Pipeline->Illuminate\Pipeline\{closure}(Object(Illuminate\Http\Request))
#36 D:\xampp\htdocs\ehs-backend\vendor\laravel\framework\src\Illuminate\Foundation\Http\Middleware\ConvertEmptyStringsToNull.php(31): Illuminate\Foundation\Http\Middleware\TransformsRequest->handle(Object(Illuminate\Http\Request), Object(Closure))
#37 D:\xampp\htdocs\ehs-backend\vendor\laravel\framework\src\Illuminate\Pipeline\Pipeline.php(180): Illuminate\Foundation\Http\Middleware\ConvertEmptyStringsToNull->handle(Object(Illuminate\Http\Request), Object(Closure))
#38 D:\xampp\htdocs\ehs-backend\vendor\laravel\framework\src\Illuminate\Foundation\Http\Middleware\TransformsRequest.php(21): Illuminate\Pipeline\Pipeline->Illuminate\Pipeline\{closure}(Object(Illuminate\Http\Request))
#39 D:\xampp\htdocs\ehs-backend\vendor\laravel\framework\src\Illuminate\Foundation\Http\Middleware\TrimStrings.php(40): Illuminate\Foundation\Http\Middleware\TransformsRequest->handle(Object(Illuminate\Http\Request), Object(Closure))
#40 D:\xampp\htdocs\ehs-backend\vendor\laravel\framework\src\Illuminate\Pipeline\Pipeline.php(180): Illuminate\Foundation\Http\Middleware\TrimStrings->handle(Object(Illuminate\Http\Request), Object(Closure))
#41 D:\xampp\htdocs\ehs-backend\vendor\laravel\framework\src\Illuminate\Foundation\Http\Middleware\ValidatePostSize.php(27): Illuminate\Pipeline\Pipeline->Illuminate\Pipeline\{closure}(Object(Illuminate\Http\Request))
#42 D:\xampp\htdocs\ehs-backend\vendor\laravel\framework\src\Illuminate\Pipeline\Pipeline.php(180): Illuminate\Foundation\Http\Middleware\ValidatePostSize->handle(Object(Illuminate\Http\Request), Object(Closure))
#43 D:\xampp\htdocs\ehs-backend\vendor\laravel\framework\src\Illuminate\Foundation\Http\Middleware\PreventRequestsDuringMaintenance.php(86): Illuminate\Pipeline\Pipeline->Illuminate\Pipeline\{closure}(Object(Illuminate\Http\Request))
#44 D:\xampp\htdocs\ehs-backend\vendor\laravel\framework\src\Illuminate\Pipeline\Pipeline.php(180): Illuminate\Foundation\Http\Middleware\PreventRequestsDuringMaintenance->handle(Object(Illuminate\Http\Request), Object(Closure))
#45 D:\xampp\htdocs\ehs-backend\vendor\laravel\framework\src\Illuminate\Http\Middleware\HandleCors.php(62): Illuminate\Pipeline\Pipeline->Illuminate\Pipeline\{closure}(Object(Illuminate\Http\Request))
#46 D:\xampp\htdocs\ehs-backend\vendor\laravel\framework\src\Illuminate\Pipeline\Pipeline.php(180): Illuminate\Http\Middleware\HandleCors->handle(Object(Illuminate\Http\Request), Object(Closure))
#47 D:\xampp\htdocs\ehs-backend\vendor\laravel\framework\src\Illuminate\Http\Middleware\TrustProxies.php(39): Illuminate\Pipeline\Pipeline->Illuminate\Pipeline\{closure}(Object(Illuminate\Http\Request))
#48 D:\xampp\htdocs\ehs-backend\vendor\laravel\framework\src\Illuminate\Pipeline\Pipeline.php(180): Illuminate\Http\Middleware\TrustProxies->handle(Object(Illuminate\Http\Request), Object(Closure))
#49 D:\xampp\htdocs\ehs-backend\vendor\laravel\framework\src\Illuminate\Pipeline\Pipeline.php(116): Illuminate\Pipeline\Pipeline->Illuminate\Pipeline\{closure}(Object(Illuminate\Http\Request))
#50 D:\xampp\htdocs\ehs-backend\vendor\laravel\framework\src\Illuminate\Foundation\Http\Kernel.php(165): Illuminate\Pipeline\Pipeline->then(Object(Closure))
#51 D:\xampp\htdocs\ehs-backend\vendor\laravel\framework\src\Illuminate\Foundation\Http\Kernel.php(134): Illuminate\Foundation\Http\Kernel->sendRequestThroughRouter(Object(Illuminate\Http\Request))
#52 D:\xampp\htdocs\ehs-backend\public\index.php(51): Illuminate\Foundation\Http\Kernel->handle(Object(Illuminate\Http\Request))
#53 D:\xampp\htdocs\ehs-backend\vendor\laravel\framework\src\Illuminate\Foundation\resources\server.php(16): require_once('D:\\xampp\\htdocs...')
#54 {main}

Next Illuminate\Database\QueryException: SQLSTATE[23000]: Integrity constraint violation: 1062 Duplicate entry 'ebinkuriakose3006@yopmail.com' for key 'users_email_unique' (SQL: insert into `users` (`name`, `email`, `member_type`, `phone`, `jobTitle`, `department`, `hospital`, `bayanati_number`, `speciality`, `user_status`, `code_id`, `updated_at`, `created_at`) values (Ebin Kuriakose, ebinkuriakose3006@yopmail.com, EHS Staff, +971562051688, Consultant, ?, rtr, 34234, Endocrinologist, 1, 35, 2026-01-22 17:15:26, 2026-01-22 17:15:26)) in D:\xampp\htdocs\ehs-backend\vendor\laravel\framework\src\Illuminate\Database\Connection.php:760
Stack trace:
#0 D:\xampp\htdocs\ehs-backend\vendor\laravel\framework\src\Illuminate\Database\Connection.php(720): Illuminate\Database\Connection->runQueryCallback('insert into `us...', Array, Object(Closure))
#1 D:\xampp\htdocs\ehs-backend\vendor\laravel\framework\src\Illuminate\Database\Connection.php(534): Illuminate\Database\Connection->run('insert into `us...', Array, Object(Closure))
#2 D:\xampp\htdocs\ehs-backend\vendor\laravel\framework\src\Illuminate\Database\Connection.php(498): Illuminate\Database\Connection->statement('insert into `us...', Array)
#3 D:\xampp\htdocs\ehs-backend\vendor\laravel\framework\src\Illuminate\Database\Query\Processors\Processor.php(32): Illuminate\Database\Connection->insert('insert into `us...', Array)
#4 D:\xampp\htdocs\ehs-backend\vendor\laravel\framework\src\Illuminate\Database\Query\Builder.php(3322): Illuminate\Database\Query\Processors\Processor->processInsertGetId(Object(Illuminate\Database\Query\Builder), 'insert into `us...', Array, 'id')
#5 D:\xampp\htdocs\ehs-backend\vendor\laravel\framework\src\Illuminate\Database\Eloquent\Builder.php(1869): Illuminate\Database\Query\Builder->insertGetId(Array, 'id')
#6 D:\xampp\htdocs\ehs-backend\vendor\laravel\framework\src\Illuminate\Database\Eloquent\Model.php(1330): Illuminate\Database\Eloquent\Builder->__call('insertGetId', Array)
#7 D:\xampp\htdocs\ehs-backend\vendor\laravel\framework\src\Illuminate\Database\Eloquent\Model.php(1295): Illuminate\Database\Eloquent\Model->insertAndSetId(Object(Illuminate\Database\Eloquent\Builder), Array)
#8 D:\xampp\htdocs\ehs-backend\vendor\laravel\framework\src\Illuminate\Database\Eloquent\Model.php(1138): Illuminate\Database\Eloquent\Model->performInsert(Object(Illuminate\Database\Eloquent\Builder))
#9 D:\xampp\htdocs\ehs-backend\vendor\laravel\framework\src\Illuminate\Database\Eloquent\Builder.php(986): Illuminate\Database\Eloquent\Model->save()
#10 D:\xampp\htdocs\ehs-backend\vendor\laravel\framework\src\Illuminate\Support\helpers.php(306): Illuminate\Database\Eloquent\Builder->Illuminate\Database\Eloquent\{closure}(Object(App\Models\User))
#11 D:\xampp\htdocs\ehs-backend\vendor\laravel\framework\src\Illuminate\Database\Eloquent\Builder.php(985): tap(Object(App\Models\User), Object(Closure))
#12 D:\xampp\htdocs\ehs-backend\app\Services\Facades\UserFacade.php(86): Illuminate\Database\Eloquent\Builder->create(Array)
#13 D:\xampp\htdocs\ehs-backend\app\Http\Controllers\User\UserController.php(202): App\Services\Facades\UserFacade->store(Object(Illuminate\Http\Request))
#14 D:\xampp\htdocs\ehs-backend\vendor\laravel\framework\src\Illuminate\Routing\Controller.php(54): App\Http\Controllers\User\UserController->store(Object(Illuminate\Http\Request))
#15 D:\xampp\htdocs\ehs-backend\vendor\laravel\framework\src\Illuminate\Routing\ControllerDispatcher.php(43): Illuminate\Routing\Controller->callAction('store', Array)
#16 D:\xampp\htdocs\ehs-backend\vendor\laravel\framework\src\Illuminate\Routing\Route.php(259): Illuminate\Routing\ControllerDispatcher->dispatch(Object(Illuminate\Routing\Route), Object(App\Http\Controllers\User\UserController), 'store')
#17 D:\xampp\htdocs\ehs-backend\vendor\laravel\framework\src\Illuminate\Routing\Route.php(205): Illuminate\Routing\Route->runController()
#18 D:\xampp\htdocs\ehs-backend\vendor\laravel\framework\src\Illuminate\Routing\Router.php(798): Illuminate\Routing\Route->run()
#19 D:\xampp\htdocs\ehs-backend\vendor\laravel\framework\src\Illuminate\Pipeline\Pipeline.php(141): Illuminate\Routing\Router->Illuminate\Routing\{closure}(Object(Illuminate\Http\Request))
#20 D:\xampp\htdocs\ehs-backend\vendor\laravel\framework\src\Illuminate\Routing\Middleware\SubstituteBindings.php(50): Illuminate\Pipeline\Pipeline->Illuminate\Pipeline\{closure}(Object(Illuminate\Http\Request))
#21 D:\xampp\htdocs\ehs-backend\vendor\laravel\framework\src\Illuminate\Pipeline\Pipeline.php(180): Illuminate\Routing\Middleware\SubstituteBindings->handle(Object(Illuminate\Http\Request), Object(Closure))
#22 D:\xampp\htdocs\ehs-backend\vendor\laravel\framework\src\Illuminate\Routing\Middleware\ThrottleRequests.php(126): Illuminate\Pipeline\Pipeline->Illuminate\Pipeline\{closure}(Object(Illuminate\Http\Request))
#23 D:\xampp\htdocs\ehs-backend\vendor\laravel\framework\src\Illuminate\Routing\Middleware\ThrottleRequests.php(92): Illuminate\Routing\Middleware\ThrottleRequests->handleRequest(Object(Illuminate\Http\Request), Object(Closure), Array)
#24 D:\xampp\htdocs\ehs-backend\vendor\laravel\framework\src\Illuminate\Routing\Middleware\ThrottleRequests.php(54): Illuminate\Routing\Middleware\ThrottleRequests->handleRequestUsingNamedLimiter(Object(Illuminate\Http\Request), Object(Closure), 'api', Object(Closure))
#25 D:\xampp\htdocs\ehs-backend\vendor\laravel\framework\src\Illuminate\Pipeline\Pipeline.php(180): Illuminate\Routing\Middleware\ThrottleRequests->handle(Object(Illuminate\Http\Request), Object(Closure), 'api')
#26 D:\xampp\htdocs\ehs-backend\vendor\laravel\framework\src\Illuminate\Pipeline\Pipeline.php(116): Illuminate\Pipeline\Pipeline->Illuminate\Pipeline\{closure}(Object(Illuminate\Http\Request))
#27 D:\xampp\htdocs\ehs-backend\vendor\laravel\framework\src\Illuminate\Routing\Router.php(797): Illuminate\Pipeline\Pipeline->then(Object(Closure))
#28 D:\xampp\htdocs\ehs-backend\vendor\laravel\framework\src\Illuminate\Routing\Router.php(776): Illuminate\Routing\Router->runRouteWithinStack(Object(Illuminate\Routing\Route), Object(Illuminate\Http\Request))
#29 D:\xampp\htdocs\ehs-backend\vendor\laravel\framework\src\Illuminate\Routing\Router.php(740): Illuminate\Routing\Router->runRoute(Object(Illuminate\Http\Request), Object(Illuminate\Routing\Route))
#30 D:\xampp\htdocs\ehs-backend\vendor\laravel\framework\src\Illuminate\Routing\Router.php(729): Illuminate\Routing\Router->dispatchToRoute(Object(Illuminate\Http\Request))
#31 D:\xampp\htdocs\ehs-backend\vendor\laravel\framework\src\Illuminate\Foundation\Http\Kernel.php(190): Illuminate\Routing\Router->dispatch(Object(Illuminate\Http\Request))
#32 D:\xampp\htdocs\ehs-backend\vendor\laravel\framework\src\Illuminate\Pipeline\Pipeline.php(141): Illuminate\Foundation\Http\Kernel->Illuminate\Foundation\Http\{closure}(Object(Illuminate\Http\Request))
#33 D:\xampp\htdocs\ehs-backend\vendor\laravel\framework\src\Illuminate\Foundation\Http\Middleware\TransformsRequest.php(21): Illuminate\Pipeline\Pipeline->Illuminate\Pipeline\{closure}(Object(Illuminate\Http\Request))
#34 D:\xampp\htdocs\ehs-backend\vendor\laravel\framework\src\Illuminate\Foundation\Http\Middleware\ConvertEmptyStringsToNull.php(31): Illuminate\Foundation\Http\Middleware\TransformsRequest->handle(Object(Illuminate\Http\Request), Object(Closure))
#35 D:\xampp\htdocs\ehs-backend\vendor\laravel\framework\src\Illuminate\Pipeline\Pipeline.php(180): Illuminate\Foundation\Http\Middleware\ConvertEmptyStringsToNull->handle(Object(Illuminate\Http\Request), Object(Closure))
#36 D:\xampp\htdocs\ehs-backend\vendor\laravel\framework\src\Illuminate\Foundation\Http\Middleware\TransformsRequest.php(21): Illuminate\Pipeline\Pipeline->Illuminate\Pipeline\{closure}(Object(Illuminate\Http\Request))
#37 D:\xampp\htdocs\ehs-backend\vendor\laravel\framework\src\Illuminate\Foundation\Http\Middleware\TrimStrings.php(40): Illuminate\Foundation\Http\Middleware\TransformsRequest->handle(Object(Illuminate\Http\Request), Object(Closure))
#38 D:\xampp\htdocs\ehs-backend\vendor\laravel\framework\src\Illuminate\Pipeline\Pipeline.php(180): Illuminate\Foundation\Http\Middleware\TrimStrings->handle(Object(Illuminate\Http\Request), Object(Closure))
#39 D:\xampp\htdocs\ehs-backend\vendor\laravel\framework\src\Illuminate\Foundation\Http\Middleware\ValidatePostSize.php(27): Illuminate\Pipeline\Pipeline->Illuminate\Pipeline\{closure}(Object(Illuminate\Http\Request))
#40 D:\xampp\htdocs\ehs-backend\vendor\laravel\framework\src\Illuminate\Pipeline\Pipeline.php(180): Illuminate\Foundation\Http\Middleware\ValidatePostSize->handle(Object(Illuminate\Http\Request), Object(Closure))
#41 D:\xampp\htdocs\ehs-backend\vendor\laravel\framework\src\Illuminate\Foundation\Http\Middleware\PreventRequestsDuringMaintenance.php(86): Illuminate\Pipeline\Pipeline->Illuminate\Pipeline\{closure}(Object(Illuminate\Http\Request))
#42 D:\xampp\htdocs\ehs-backend\vendor\laravel\framework\src\Illuminate\Pipeline\Pipeline.php(180): Illuminate\Foundation\Http\Middleware\PreventRequestsDuringMaintenance->handle(Object(Illuminate\Http\Request), Object(Closure))
#43 D:\xampp\htdocs\ehs-backend\vendor\laravel\framework\src\Illuminate\Http\Middleware\HandleCors.php(62): Illuminate\Pipeline\Pipeline->Illuminate\Pipeline\{closure}(Object(Illuminate\Http\Request))
#44 D:\xampp\htdocs\ehs-backend\vendor\laravel\framework\src\Illuminate\Pipeline\Pipeline.php(180): Illuminate\Http\Middleware\HandleCors->handle(Object(Illuminate\Http\Request), Object(Closure))
#45 D:\xampp\htdocs\ehs-backend\vendor\laravel\framework\src\Illuminate\Http\Middleware\TrustProxies.php(39): Illuminate\Pipeline\Pipeline->Illuminate\Pipeline\{closure}(Object(Illuminate\Http\Request))
#46 D:\xampp\htdocs\ehs-backend\vendor\laravel\framework\src\Illuminate\Pipeline\Pipeline.php(180): Illuminate\Http\Middleware\TrustProxies->handle(Object(Illuminate\Http\Request), Object(Closure))
#47 D:\xampp\htdocs\ehs-backend\vendor\laravel\framework\src\Illuminate\Pipeline\Pipeline.php(116): Illuminate\Pipeline\Pipeline->Illuminate\Pipeline\{closure}(Object(Illuminate\Http\Request))
#48 D:\xampp\htdocs\ehs-backend\vendor\laravel\framework\src\Illuminate\Foundation\Http\Kernel.php(165): Illuminate\Pipeline\Pipeline->then(Object(Closure))
#49 D:\xampp\htdocs\ehs-backend\vendor\laravel\framework\src\Illuminate\Foundation\Http\Kernel.php(134): Illuminate\Foundation\Http\Kernel->sendRequestThroughRouter(Object(Illuminate\Http\Request))
#50 D:\xampp\htdocs\ehs-backend\public\index.php(51): Illuminate\Foundation\Http\Kernel->handle(Object(Illuminate\Http\Request))
#51 D:\xampp\htdocs\ehs-backend\vendor\laravel\framework\src\Illuminate\Foundation\resources\server.php(16): require_once('D:\\xampp\\htdocs...')
#52 {main}  
[2026-01-22 17:15:35] local.ERROR: EHS Staff  
[2026-01-22 17:15:35] local.ERROR: EHS-2025-0035  
[2026-01-22 17:15:35] local.ERROR:   
[2026-01-22 17:15:35] local.ERROR: Email render/send failed {"error":"Please provide a valid cache path.","view":"welcome","user_id":1054} 
[2026-01-22 17:15:35] local.ERROR: Email failed for user ID: 1054  
[2026-01-22 17:19:29] local.ERROR: EHS Staff  
[2026-01-22 17:19:29] local.ERROR: EHS-2025-0033  
[2026-01-22 17:19:29] local.ERROR:   
[2026-01-22 17:19:29] local.ERROR: Exception: Registration code is already taken in D:\xampp\htdocs\ehs-backend\app\Services\Facades\UserFacade.php:75
Stack trace:
#0 D:\xampp\htdocs\ehs-backend\app\Http\Controllers\User\UserController.php(202): App\Services\Facades\UserFacade->store(Object(Illuminate\Http\Request))
#1 D:\xampp\htdocs\ehs-backend\vendor\laravel\framework\src\Illuminate\Routing\Controller.php(54): App\Http\Controllers\User\UserController->store(Object(Illuminate\Http\Request))
#2 D:\xampp\htdocs\ehs-backend\vendor\laravel\framework\src\Illuminate\Routing\ControllerDispatcher.php(43): Illuminate\Routing\Controller->callAction('store', Array)
#3 D:\xampp\htdocs\ehs-backend\vendor\laravel\framework\src\Illuminate\Routing\Route.php(259): Illuminate\Routing\ControllerDispatcher->dispatch(Object(Illuminate\Routing\Route), Object(App\Http\Controllers\User\UserController), 'store')
#4 D:\xampp\htdocs\ehs-backend\vendor\laravel\framework\src\Illuminate\Routing\Route.php(205): Illuminate\Routing\Route->runController()
#5 D:\xampp\htdocs\ehs-backend\vendor\laravel\framework\src\Illuminate\Routing\Router.php(798): Illuminate\Routing\Route->run()
#6 D:\xampp\htdocs\ehs-backend\vendor\laravel\framework\src\Illuminate\Pipeline\Pipeline.php(141): Illuminate\Routing\Router->Illuminate\Routing\{closure}(Object(Illuminate\Http\Request))
#7 D:\xampp\htdocs\ehs-backend\vendor\laravel\framework\src\Illuminate\Routing\Middleware\SubstituteBindings.php(50): Illuminate\Pipeline\Pipeline->Illuminate\Pipeline\{closure}(Object(Illuminate\Http\Request))
#8 D:\xampp\htdocs\ehs-backend\vendor\laravel\framework\src\Illuminate\Pipeline\Pipeline.php(180): Illuminate\Routing\Middleware\SubstituteBindings->handle(Object(Illuminate\Http\Request), Object(Closure))
#9 D:\xampp\htdocs\ehs-backend\vendor\laravel\framework\src\Illuminate\Routing\Middleware\ThrottleRequests.php(126): Illuminate\Pipeline\Pipeline->Illuminate\Pipeline\{closure}(Object(Illuminate\Http\Request))
#10 D:\xampp\htdocs\ehs-backend\vendor\laravel\framework\src\Illuminate\Routing\Middleware\ThrottleRequests.php(92): Illuminate\Routing\Middleware\ThrottleRequests->handleRequest(Object(Illuminate\Http\Request), Object(Closure), Array)
#11 D:\xampp\htdocs\ehs-backend\vendor\laravel\framework\src\Illuminate\Routing\Middleware\ThrottleRequests.php(54): Illuminate\Routing\Middleware\ThrottleRequests->handleRequestUsingNamedLimiter(Object(Illuminate\Http\Request), Object(Closure), 'api', Object(Closure))
#12 D:\xampp\htdocs\ehs-backend\vendor\laravel\framework\src\Illuminate\Pipeline\Pipeline.php(180): Illuminate\Routing\Middleware\ThrottleRequests->handle(Object(Illuminate\Http\Request), Object(Closure), 'api')
#13 D:\xampp\htdocs\ehs-backend\vendor\laravel\framework\src\Illuminate\Pipeline\Pipeline.php(116): Illuminate\Pipeline\Pipeline->Illuminate\Pipeline\{closure}(Object(Illuminate\Http\Request))
#14 D:\xampp\htdocs\ehs-backend\vendor\laravel\framework\src\Illuminate\Routing\Router.php(797): Illuminate\Pipeline\Pipeline->then(Object(Closure))
#15 D:\xampp\htdocs\ehs-backend\vendor\laravel\framework\src\Illuminate\Routing\Router.php(776): Illuminate\Routing\Router->runRouteWithinStack(Object(Illuminate\Routing\Route), Object(Illuminate\Http\Request))
#16 D:\xampp\htdocs\ehs-backend\vendor\laravel\framework\src\Illuminate\Routing\Router.php(740): Illuminate\Routing\Router->runRoute(Object(Illuminate\Http\Request), Object(Illuminate\Routing\Route))
#17 D:\xampp\htdocs\ehs-backend\vendor\laravel\framework\src\Illuminate\Routing\Router.php(729): Illuminate\Routing\Router->dispatchToRoute(Object(Illuminate\Http\Request))
#18 D:\xampp\htdocs\ehs-backend\vendor\laravel\framework\src\Illuminate\Foundation\Http\Kernel.php(190): Illuminate\Routing\Router->dispatch(Object(Illuminate\Http\Request))
#19 D:\xampp\htdocs\ehs-backend\vendor\laravel\framework\src\Illuminate\Pipeline\Pipeline.php(141): Illuminate\Foundation\Http\Kernel->Illuminate\Foundation\Http\{closure}(Object(Illuminate\Http\Request))
#20 D:\xampp\htdocs\ehs-backend\vendor\laravel\framework\src\Illuminate\Foundation\Http\Middleware\TransformsRequest.php(21): Illuminate\Pipeline\Pipeline->Illuminate\Pipeline\{closure}(Object(Illuminate\Http\Request))
#21 D:\xampp\htdocs\ehs-backend\vendor\laravel\framework\src\Illuminate\Foundation\Http\Middleware\ConvertEmptyStringsToNull.php(31): Illuminate\Foundation\Http\Middleware\TransformsRequest->handle(Object(Illuminate\Http\Request), Object(Closure))
#22 D:\xampp\htdocs\ehs-backend\vendor\laravel\framework\src\Illuminate\Pipeline\Pipeline.php(180): Illuminate\Foundation\Http\Middleware\ConvertEmptyStringsToNull->handle(Object(Illuminate\Http\Request), Object(Closure))
#23 D:\xampp\htdocs\ehs-backend\vendor\laravel\framework\src\Illuminate\Foundation\Http\Middleware\TransformsRequest.php(21): Illuminate\Pipeline\Pipeline->Illuminate\Pipeline\{closure}(Object(Illuminate\Http\Request))
#24 D:\xampp\htdocs\ehs-backend\vendor\laravel\framework\src\Illuminate\Foundation\Http\Middleware\TrimStrings.php(40): Illuminate\Foundation\Http\Middleware\TransformsRequest->handle(Object(Illuminate\Http\Request), Object(Closure))
#25 D:\xampp\htdocs\ehs-backend\vendor\laravel\framework\src\Illuminate\Pipeline\Pipeline.php(180): Illuminate\Foundation\Http\Middleware\TrimStrings->handle(Object(Illuminate\Http\Request), Object(Closure))
#26 D:\xampp\htdocs\ehs-backend\vendor\laravel\framework\src\Illuminate\Foundation\Http\Middleware\ValidatePostSize.php(27): Illuminate\Pipeline\Pipeline->Illuminate\Pipeline\{closure}(Object(Illuminate\Http\Request))
#27 D:\xampp\htdocs\ehs-backend\vendor\laravel\framework\src\Illuminate\Pipeline\Pipeline.php(180): Illuminate\Foundation\Http\Middleware\ValidatePostSize->handle(Object(Illuminate\Http\Request), Object(Closure))
#28 D:\xampp\htdocs\ehs-backend\vendor\laravel\framework\src\Illuminate\Foundation\Http\Middleware\PreventRequestsDuringMaintenance.php(86): Illuminate\Pipeline\Pipeline->Illuminate\Pipeline\{closure}(Object(Illuminate\Http\Request))
#29 D:\xampp\htdocs\ehs-backend\vendor\laravel\framework\src\Illuminate\Pipeline\Pipeline.php(180): Illuminate\Foundation\Http\Middleware\PreventRequestsDuringMaintenance->handle(Object(Illuminate\Http\Request), Object(Closure))
#30 D:\xampp\htdocs\ehs-backend\vendor\laravel\framework\src\Illuminate\Http\Middleware\HandleCors.php(62): Illuminate\Pipeline\Pipeline->Illuminate\Pipeline\{closure}(Object(Illuminate\Http\Request))
#31 D:\xampp\htdocs\ehs-backend\vendor\laravel\framework\src\Illuminate\Pipeline\Pipeline.php(180): Illuminate\Http\Middleware\HandleCors->handle(Object(Illuminate\Http\Request), Object(Closure))
#32 D:\xampp\htdocs\ehs-backend\vendor\laravel\framework\src\Illuminate\Http\Middleware\TrustProxies.php(39): Illuminate\Pipeline\Pipeline->Illuminate\Pipeline\{closure}(Object(Illuminate\Http\Request))
#33 D:\xampp\htdocs\ehs-backend\vendor\laravel\framework\src\Illuminate\Pipeline\Pipeline.php(180): Illuminate\Http\Middleware\TrustProxies->handle(Object(Illuminate\Http\Request), Object(Closure))
#34 D:\xampp\htdocs\ehs-backend\vendor\laravel\framework\src\Illuminate\Pipeline\Pipeline.php(116): Illuminate\Pipeline\Pipeline->Illuminate\Pipeline\{closure}(Object(Illuminate\Http\Request))
#35 D:\xampp\htdocs\ehs-backend\vendor\laravel\framework\src\Illuminate\Foundation\Http\Kernel.php(165): Illuminate\Pipeline\Pipeline->then(Object(Closure))
#36 D:\xampp\htdocs\ehs-backend\vendor\laravel\framework\src\Illuminate\Foundation\Http\Kernel.php(134): Illuminate\Foundation\Http\Kernel->sendRequestThroughRouter(Object(Illuminate\Http\Request))
#37 D:\xampp\htdocs\ehs-backend\public\index.php(51): Illuminate\Foundation\Http\Kernel->handle(Object(Illuminate\Http\Request))
#38 D:\xampp\htdocs\ehs-backend\vendor\laravel\framework\src\Illuminate\Foundation\resources\server.php(16): require_once('D:\\xampp\\htdocs...')
#39 {main}  
[2026-01-22 17:19:37] local.ERROR: EHS Staff  
[2026-01-22 17:19:37] local.ERROR: EHS-2025-0034  
[2026-01-22 17:19:37] local.ERROR:   
[2026-01-22 17:19:37] local.ERROR: Email render/send failed {"error":"Please provide a valid cache path.","view":"thanks","user_id":1055} 
[2026-01-22 17:19:37] local.ERROR: Email failed for user ID: 1055  
[2026-01-22 17:24:03] local.ERROR: EHS Staff  
[2026-01-22 17:24:03] local.ERROR: EHS-2025-0035  
[2026-01-22 17:24:03] local.ERROR:   
[2026-01-22 17:24:03] local.ERROR: Exception: Registration code is already taken in D:\xampp\htdocs\ehs-backend\app\Services\Facades\UserFacade.php:75
Stack trace:
#0 D:\xampp\htdocs\ehs-backend\app\Http\Controllers\User\UserController.php(202): App\Services\Facades\UserFacade->store(Object(Illuminate\Http\Request))
#1 D:\xampp\htdocs\ehs-backend\vendor\laravel\framework\src\Illuminate\Routing\Controller.php(54): App\Http\Controllers\User\UserController->store(Object(Illuminate\Http\Request))
#2 D:\xampp\htdocs\ehs-backend\vendor\laravel\framework\src\Illuminate\Routing\ControllerDispatcher.php(43): Illuminate\Routing\Controller->callAction('store', Array)
#3 D:\xampp\htdocs\ehs-backend\vendor\laravel\framework\src\Illuminate\Routing\Route.php(259): Illuminate\Routing\ControllerDispatcher->dispatch(Object(Illuminate\Routing\Route), Object(App\Http\Controllers\User\UserController), 'store')
#4 D:\xampp\htdocs\ehs-backend\vendor\laravel\framework\src\Illuminate\Routing\Route.php(205): Illuminate\Routing\Route->runController()
#5 D:\xampp\htdocs\ehs-backend\vendor\laravel\framework\src\Illuminate\Routing\Router.php(798): Illuminate\Routing\Route->run()
#6 D:\xampp\htdocs\ehs-backend\vendor\laravel\framework\src\Illuminate\Pipeline\Pipeline.php(141): Illuminate\Routing\Router->Illuminate\Routing\{closure}(Object(Illuminate\Http\Request))
#7 D:\xampp\htdocs\ehs-backend\vendor\laravel\framework\src\Illuminate\Routing\Middleware\SubstituteBindings.php(50): Illuminate\Pipeline\Pipeline->Illuminate\Pipeline\{closure}(Object(Illuminate\Http\Request))
#8 D:\xampp\htdocs\ehs-backend\vendor\laravel\framework\src\Illuminate\Pipeline\Pipeline.php(180): Illuminate\Routing\Middleware\SubstituteBindings->handle(Object(Illuminate\Http\Request), Object(Closure))
#9 D:\xampp\htdocs\ehs-backend\vendor\laravel\framework\src\Illuminate\Routing\Middleware\ThrottleRequests.php(126): Illuminate\Pipeline\Pipeline->Illuminate\Pipeline\{closure}(Object(Illuminate\Http\Request))
#10 D:\xampp\htdocs\ehs-backend\vendor\laravel\framework\src\Illuminate\Routing\Middleware\ThrottleRequests.php(92): Illuminate\Routing\Middleware\ThrottleRequests->handleRequest(Object(Illuminate\Http\Request), Object(Closure), Array)
#11 D:\xampp\htdocs\ehs-backend\vendor\laravel\framework\src\Illuminate\Routing\Middleware\ThrottleRequests.php(54): Illuminate\Routing\Middleware\ThrottleRequests->handleRequestUsingNamedLimiter(Object(Illuminate\Http\Request), Object(Closure), 'api', Object(Closure))
#12 D:\xampp\htdocs\ehs-backend\vendor\laravel\framework\src\Illuminate\Pipeline\Pipeline.php(180): Illuminate\Routing\Middleware\ThrottleRequests->handle(Object(Illuminate\Http\Request), Object(Closure), 'api')
#13 D:\xampp\htdocs\ehs-backend\vendor\laravel\framework\src\Illuminate\Pipeline\Pipeline.php(116): Illuminate\Pipeline\Pipeline->Illuminate\Pipeline\{closure}(Object(Illuminate\Http\Request))
#14 D:\xampp\htdocs\ehs-backend\vendor\laravel\framework\src\Illuminate\Routing\Router.php(797): Illuminate\Pipeline\Pipeline->then(Object(Closure))
#15 D:\xampp\htdocs\ehs-backend\vendor\laravel\framework\src\Illuminate\Routing\Router.php(776): Illuminate\Routing\Router->runRouteWithinStack(Object(Illuminate\Routing\Route), Object(Illuminate\Http\Request))
#16 D:\xampp\htdocs\ehs-backend\vendor\laravel\framework\src\Illuminate\Routing\Router.php(740): Illuminate\Routing\Router->runRoute(Object(Illuminate\Http\Request), Object(Illuminate\Routing\Route))
#17 D:\xampp\htdocs\ehs-backend\vendor\laravel\framework\src\Illuminate\Routing\Router.php(729): Illuminate\Routing\Router->dispatchToRoute(Object(Illuminate\Http\Request))
#18 D:\xampp\htdocs\ehs-backend\vendor\laravel\framework\src\Illuminate\Foundation\Http\Kernel.php(190): Illuminate\Routing\Router->dispatch(Object(Illuminate\Http\Request))
#19 D:\xampp\htdocs\ehs-backend\vendor\laravel\framework\src\Illuminate\Pipeline\Pipeline.php(141): Illuminate\Foundation\Http\Kernel->Illuminate\Foundation\Http\{closure}(Object(Illuminate\Http\Request))
#20 D:\xampp\htdocs\ehs-backend\vendor\laravel\framework\src\Illuminate\Foundation\Http\Middleware\TransformsRequest.php(21): Illuminate\Pipeline\Pipeline->Illuminate\Pipeline\{closure}(Object(Illuminate\Http\Request))
#21 D:\xampp\htdocs\ehs-backend\vendor\laravel\framework\src\Illuminate\Foundation\Http\Middleware\ConvertEmptyStringsToNull.php(31): Illuminate\Foundation\Http\Middleware\TransformsRequest->handle(Object(Illuminate\Http\Request), Object(Closure))
#22 D:\xampp\htdocs\ehs-backend\vendor\laravel\framework\src\Illuminate\Pipeline\Pipeline.php(180): Illuminate\Foundation\Http\Middleware\ConvertEmptyStringsToNull->handle(Object(Illuminate\Http\Request), Object(Closure))
#23 D:\xampp\htdocs\ehs-backend\vendor\laravel\framework\src\Illuminate\Foundation\Http\Middleware\TransformsRequest.php(21): Illuminate\Pipeline\Pipeline->Illuminate\Pipeline\{closure}(Object(Illuminate\Http\Request))
#24 D:\xampp\htdocs\ehs-backend\vendor\laravel\framework\src\Illuminate\Foundation\Http\Middleware\TrimStrings.php(40): Illuminate\Foundation\Http\Middleware\TransformsRequest->handle(Object(Illuminate\Http\Request), Object(Closure))
#25 D:\xampp\htdocs\ehs-backend\vendor\laravel\framework\src\Illuminate\Pipeline\Pipeline.php(180): Illuminate\Foundation\Http\Middleware\TrimStrings->handle(Object(Illuminate\Http\Request), Object(Closure))
#26 D:\xampp\htdocs\ehs-backend\vendor\laravel\framework\src\Illuminate\Foundation\Http\Middleware\ValidatePostSize.php(27): Illuminate\Pipeline\Pipeline->Illuminate\Pipeline\{closure}(Object(Illuminate\Http\Request))
#27 D:\xampp\htdocs\ehs-backend\vendor\laravel\framework\src\Illuminate\Pipeline\Pipeline.php(180): Illuminate\Foundation\Http\Middleware\ValidatePostSize->handle(Object(Illuminate\Http\Request), Object(Closure))
#28 D:\xampp\htdocs\ehs-backend\vendor\laravel\framework\src\Illuminate\Foundation\Http\Middleware\PreventRequestsDuringMaintenance.php(86): Illuminate\Pipeline\Pipeline->Illuminate\Pipeline\{closure}(Object(Illuminate\Http\Request))
#29 D:\xampp\htdocs\ehs-backend\vendor\laravel\framework\src\Illuminate\Pipeline\Pipeline.php(180): Illuminate\Foundation\Http\Middleware\PreventRequestsDuringMaintenance->handle(Object(Illuminate\Http\Request), Object(Closure))
#30 D:\xampp\htdocs\ehs-backend\vendor\laravel\framework\src\Illuminate\Http\Middleware\HandleCors.php(62): Illuminate\Pipeline\Pipeline->Illuminate\Pipeline\{closure}(Object(Illuminate\Http\Request))
#31 D:\xampp\htdocs\ehs-backend\vendor\laravel\framework\src\Illuminate\Pipeline\Pipeline.php(180): Illuminate\Http\Middleware\HandleCors->handle(Object(Illuminate\Http\Request), Object(Closure))
#32 D:\xampp\htdocs\ehs-backend\vendor\laravel\framework\src\Illuminate\Http\Middleware\TrustProxies.php(39): Illuminate\Pipeline\Pipeline->Illuminate\Pipeline\{closure}(Object(Illuminate\Http\Request))
#33 D:\xampp\htdocs\ehs-backend\vendor\laravel\framework\src\Illuminate\Pipeline\Pipeline.php(180): Illuminate\Http\Middleware\TrustProxies->handle(Object(Illuminate\Http\Request), Object(Closure))
#34 D:\xampp\htdocs\ehs-backend\vendor\laravel\framework\src\Illuminate\Pipeline\Pipeline.php(116): Illuminate\Pipeline\Pipeline->Illuminate\Pipeline\{closure}(Object(Illuminate\Http\Request))
#35 D:\xampp\htdocs\ehs-backend\vendor\laravel\framework\src\Illuminate\Foundation\Http\Kernel.php(165): Illuminate\Pipeline\Pipeline->then(Object(Closure))
#36 D:\xampp\htdocs\ehs-backend\vendor\laravel\framework\src\Illuminate\Foundation\Http\Kernel.php(134): Illuminate\Foundation\Http\Kernel->sendRequestThroughRouter(Object(Illuminate\Http\Request))
#37 D:\xampp\htdocs\ehs-backend\public\index.php(51): Illuminate\Foundation\Http\Kernel->handle(Object(Illuminate\Http\Request))
#38 D:\xampp\htdocs\ehs-backend\vendor\laravel\framework\src\Illuminate\Foundation\resources\server.php(16): require_once('D:\\xampp\\htdocs...')
#39 {main}  
[2026-01-22 17:24:09] local.ERROR: EHS Staff  
[2026-01-22 17:24:09] local.ERROR: EHS-2025-0036  
[2026-01-22 17:24:09] local.ERROR:   
