[2026-01-06 14:59:24] local.ERROR: EHS Staff  
[2026-01-06 14:59:24] local.ERROR:   
[2026-01-06 14:59:24] local.ERROR: 1  
[2026-01-06 14:59:24] local.ERROR: Exception: Registration code is not exist in D:\xampp\htdocs\ehs-backend\app\Services\Facades\UserFacade.php:64
Stack trace:
#0 D:\xampp\htdocs\ehs-backend\app\Http\Controllers\User\UserController.php(140): App\Services\Facades\UserFacade->store(Object(Illuminate\Http\Request))
#1 D:\xampp\htdocs\ehs-backend\vendor\laravel\framework\src\Illuminate\Routing\Controller.php(54): App\Http\Controllers\User\UserController->store(Object(Illuminate\Http\Request))
#2 D:\xampp\htdocs\ehs-backend\vendor\laravel\framework\src\Illuminate\Routing\ControllerDispatcher.php(43): Illuminate\Routing\Controller->callAction('store', Array)
#3 D:\xampp\htdocs\ehs-backend\vendor\laravel\framework\src\Illuminate\Routing\Route.php(259): Illuminate\Routing\ControllerDispatcher->dispatch(Object(Illuminate\Routing\Route), Object(App\Http\Controllers\User\UserController), 'store')
#4 D:\xampp\htdocs\ehs-backend\vendor\laravel\framework\src\Illuminate\Routing\Route.php(205): Illuminate\Routing\Route->runController()
#5 D:\xampp\htdocs\ehs-backend\vendor\laravel\framework\src\Illuminate\Routing\Router.php(798): Illuminate\Routing\Route->run()
#6 D:\xampp\htdocs\ehs-backend\vendor\laravel\framework\src\Illuminate\Pipeline\Pipeline.php(141): Illuminate\Routing\Router->Illuminate\Routing\{closure}(Object(Illuminate\Http\Request))
#7 D:\xampp\htdocs\ehs-backend\vendor\laravel\framework\src\Illuminate\Routing\Middleware\SubstituteBindings.php(50): Illuminate\Pipeline\Pipeline->Illuminate\Pipeline\{closure}(Object(Illuminate\Http\Request))
#8 D:\xampp\htdocs\ehs-backend\vendor\laravel\framework\src\Illuminate\Pipeline\Pipeline.php(180): Illuminate\Routing\Middleware\SubstituteBindings->handle(Object(Illuminate\Http\Request), Object(Closure))
#9 D:\xampp\htdocs\ehs-backend\vendor\laravel\framework\src\Illuminate\Routing\Middleware\ThrottleRequests.php(126): Illuminate\Pipeline\Pipeline->Illuminate\Pipeline\{closure}(Object(Illuminate\Http\Request))
#10 D:\xampp\htdocs\ehs-backend\vendor\laravel\framework\src\Illuminate\Routing\Middleware\ThrottleRequests.php(92): Illuminate\Routing\Middleware\ThrottleRequests->handleRequest(Object(Illuminate\Http\Request), Object(Closure), Array)
#11 D:\xampp\htdocs\ehs-backend\vendor\laravel\framework\src\Illuminate\Routing\Middleware\ThrottleRequests.php(54): Illuminate\Routing\Middleware\ThrottleRequests->handleRequestUsingNamedLimiter(Object(Illuminate\Http\Request), Object(Closure), 'api', Object(Closure))
#12 D:\xampp\htdocs\ehs-backend\vendor\laravel\framework\src\Illuminate\Pipeline\Pipeline.php(180): Illuminate\Routing\Middleware\ThrottleRequests->handle(Object(Illuminate\Http\Request), Object(Closure), 'api')
#13 D:\xampp\htdocs\ehs-backend\vendor\laravel\framework\src\Illuminate\Pipeline\Pipeline.php(116): Illuminate\Pipeline\Pipeline->Illuminate\Pipeline\{closure}(Object(Illuminate\Http\Request))
#14 D:\xampp\htdocs\ehs-backend\vendor\laravel\framework\src\Illuminate\Routing\Router.php(797): Illuminate\Pipeline\Pipeline->then(Object(Closure))
#15 D:\xampp\htdocs\ehs-backend\vendor\laravel\framework\src\Illuminate\Routing\Router.php(776): Illuminate\Routing\Router->runRouteWithinStack(Object(Illuminate\Routing\Route), Object(Illuminate\Http\Request))
#16 D:\xampp\htdocs\ehs-backend\vendor\laravel\framework\src\Illuminate\Routing\Router.php(740): Illuminate\Routing\Router->runRoute(Object(Illuminate\Http\Request), Object(Illuminate\Routing\Route))
#17 D:\xampp\htdocs\ehs-backend\vendor\laravel\framework\src\Illuminate\Routing\Router.php(729): Illuminate\Routing\Router->dispatchToRoute(Object(Illuminate\Http\Request))
#18 D:\xampp\htdocs\ehs-backend\vendor\laravel\framework\src\Illuminate\Foundation\Http\Kernel.php(190): Illuminate\Routing\Router->dispatch(Object(Illuminate\Http\Request))
#19 D:\xampp\htdocs\ehs-backend\vendor\laravel\framework\src\Illuminate\Pipeline\Pipeline.php(141): Illuminate\Foundation\Http\Kernel->Illuminate\Foundation\Http\{closure}(Object(Illuminate\Http\Request))
#20 D:\xampp\htdocs\ehs-backend\vendor\laravel\framework\src\Illuminate\Foundation\Http\Middleware\TransformsRequest.php(21): Illuminate\Pipeline\Pipeline->Illuminate\Pipeline\{closure}(Object(Illuminate\Http\Request))
#21 D:\xampp\htdocs\ehs-backend\vendor\laravel\framework\src\Illuminate\Foundation\Http\Middleware\ConvertEmptyStringsToNull.php(31): Illuminate\Foundation\Http\Middleware\TransformsRequest->handle(Object(Illuminate\Http\Request), Object(Closure))
#22 D:\xampp\htdocs\ehs-backend\vendor\laravel\framework\src\Illuminate\Pipeline\Pipeline.php(180): Illuminate\Foundation\Http\Middleware\ConvertEmptyStringsToNull->handle(Object(Illuminate\Http\Request), Object(Closure))
#23 D:\xampp\htdocs\ehs-backend\vendor\laravel\framework\src\Illuminate\Foundation\Http\Middleware\TransformsRequest.php(21): Illuminate\Pipeline\Pipeline->Illuminate\Pipeline\{closure}(Object(Illuminate\Http\Request))
#24 D:\xampp\htdocs\ehs-backend\vendor\laravel\framework\src\Illuminate\Foundation\Http\Middleware\TrimStrings.php(40): Illuminate\Foundation\Http\Middleware\TransformsRequest->handle(Object(Illuminate\Http\Request), Object(Closure))
#25 D:\xampp\htdocs\ehs-backend\vendor\laravel\framework\src\Illuminate\Pipeline\Pipeline.php(180): Illuminate\Foundation\Http\Middleware\TrimStrings->handle(Object(Illuminate\Http\Request), Object(Closure))
#26 D:\xampp\htdocs\ehs-backend\vendor\laravel\framework\src\Illuminate\Foundation\Http\Middleware\ValidatePostSize.php(27): Illuminate\Pipeline\Pipeline->Illuminate\Pipeline\{closure}(Object(Illuminate\Http\Request))
#27 D:\xampp\htdocs\ehs-backend\vendor\laravel\framework\src\Illuminate\Pipeline\Pipeline.php(180): Illuminate\Foundation\Http\Middleware\ValidatePostSize->handle(Object(Illuminate\Http\Request), Object(Closure))
#28 D:\xampp\htdocs\ehs-backend\vendor\laravel\framework\src\Illuminate\Foundation\Http\Middleware\PreventRequestsDuringMaintenance.php(86): Illuminate\Pipeline\Pipeline->Illuminate\Pipeline\{closure}(Object(Illuminate\Http\Request))
#29 D:\xampp\htdocs\ehs-backend\vendor\laravel\framework\src\Illuminate\Pipeline\Pipeline.php(180): Illuminate\Foundation\Http\Middleware\PreventRequestsDuringMaintenance->handle(Object(Illuminate\Http\Request), Object(Closure))
#30 D:\xampp\htdocs\ehs-backend\vendor\laravel\framework\src\Illuminate\Http\Middleware\HandleCors.php(62): Illuminate\Pipeline\Pipeline->Illuminate\Pipeline\{closure}(Object(Illuminate\Http\Request))
#31 D:\xampp\htdocs\ehs-backend\vendor\laravel\framework\src\Illuminate\Pipeline\Pipeline.php(180): Illuminate\Http\Middleware\HandleCors->handle(Object(Illuminate\Http\Request), Object(Closure))
#32 D:\xampp\htdocs\ehs-backend\vendor\laravel\framework\src\Illuminate\Http\Middleware\TrustProxies.php(39): Illuminate\Pipeline\Pipeline->Illuminate\Pipeline\{closure}(Object(Illuminate\Http\Request))
#33 D:\xampp\htdocs\ehs-backend\vendor\laravel\framework\src\Illuminate\Pipeline\Pipeline.php(180): Illuminate\Http\Middleware\TrustProxies->handle(Object(Illuminate\Http\Request), Object(Closure))
#34 D:\xampp\htdocs\ehs-backend\vendor\laravel\framework\src\Illuminate\Pipeline\Pipeline.php(116): Illuminate\Pipeline\Pipeline->Illuminate\Pipeline\{closure}(Object(Illuminate\Http\Request))
#35 D:\xampp\htdocs\ehs-backend\vendor\laravel\framework\src\Illuminate\Foundation\Http\Kernel.php(165): Illuminate\Pipeline\Pipeline->then(Object(Closure))
#36 D:\xampp\htdocs\ehs-backend\vendor\laravel\framework\src\Illuminate\Foundation\Http\Kernel.php(134): Illuminate\Foundation\Http\Kernel->sendRequestThroughRouter(Object(Illuminate\Http\Request))
#37 D:\xampp\htdocs\ehs-backend\public\index.php(51): Illuminate\Foundation\Http\Kernel->handle(Object(Illuminate\Http\Request))
#38 D:\xampp\htdocs\ehs-backend\vendor\laravel\framework\src\Illuminate\Foundation\resources\server.php(16): require_once('D:\\xampp\\htdocs...')
#39 {main}  
[2026-01-06 15:13:12] local.ERROR: The resource owner or authorization server denied the request. {"exception":"[object] (League\\OAuth2\\Server\\Exception\\OAuthServerException(code: 9): The resource owner or authorization server denied the request. at D:\\xampp\\htdocs\\ehs-backend\\vendor\\league\\oauth2-server\\src\\Exception\\OAuthServerException.php:243)
[stacktrace]
#0 D:\\xampp\\htdocs\\ehs-backend\\vendor\\league\\oauth2-server\\src\\AuthorizationValidators\\BearerTokenValidator.php(108): League\\OAuth2\\Server\\Exception\\OAuthServerException::accessDenied('The JWT string ...', NULL, Object(Lcobucci\\JWT\\Token\\InvalidTokenStructure))
#1 D:\\xampp\\htdocs\\ehs-backend\\vendor\\league\\oauth2-server\\src\\ResourceServer.php(84): League\\OAuth2\\Server\\AuthorizationValidators\\BearerTokenValidator->validateAuthorization(Object(Nyholm\\Psr7\\ServerRequest))
#2 D:\\xampp\\htdocs\\ehs-backend\\vendor\\laravel\\passport\\src\\Guards\\TokenGuard.php(232): League\\OAuth2\\Server\\ResourceServer->validateAuthenticatedRequest(Object(Nyholm\\Psr7\\ServerRequest))
#3 D:\\xampp\\htdocs\\ehs-backend\\vendor\\laravel\\passport\\src\\Guards\\TokenGuard.php(178): Laravel\\Passport\\Guards\\TokenGuard->getPsrRequestViaBearerToken(Object(Illuminate\\Http\\Request))
#4 D:\\xampp\\htdocs\\ehs-backend\\vendor\\laravel\\passport\\src\\Guards\\TokenGuard.php(120): Laravel\\Passport\\Guards\\TokenGuard->authenticateViaBearerToken(Object(Illuminate\\Http\\Request))
#5 D:\\xampp\\htdocs\\ehs-backend\\app\\Http\\Controllers\\User\\UserController.php(121): Laravel\\Passport\\Guards\\TokenGuard->user()
#6 D:\\xampp\\htdocs\\ehs-backend\\vendor\\laravel\\framework\\src\\Illuminate\\Routing\\Controller.php(54): App\\Http\\Controllers\\User\\UserController->profile(Object(Illuminate\\Http\\Request))
#7 D:\\xampp\\htdocs\\ehs-backend\\vendor\\laravel\\framework\\src\\Illuminate\\Routing\\ControllerDispatcher.php(43): Illuminate\\Routing\\Controller->callAction('profile', Array)
#8 D:\\xampp\\htdocs\\ehs-backend\\vendor\\laravel\\framework\\src\\Illuminate\\Routing\\Route.php(259): Illuminate\\Routing\\ControllerDispatcher->dispatch(Object(Illuminate\\Routing\\Route), Object(App\\Http\\Controllers\\User\\UserController), 'profile')
#9 D:\\xampp\\htdocs\\ehs-backend\\vendor\\laravel\\framework\\src\\Illuminate\\Routing\\Route.php(205): Illuminate\\Routing\\Route->runController()
#10 D:\\xampp\\htdocs\\ehs-backend\\vendor\\laravel\\framework\\src\\Illuminate\\Routing\\Router.php(798): Illuminate\\Routing\\Route->run()
#11 D:\\xampp\\htdocs\\ehs-backend\\vendor\\laravel\\framework\\src\\Illuminate\\Pipeline\\Pipeline.php(141): Illuminate\\Routing\\Router->Illuminate\\Routing\\{closure}(Object(Illuminate\\Http\\Request))
#12 D:\\xampp\\htdocs\\ehs-backend\\vendor\\laravel\\framework\\src\\Illuminate\\Routing\\Middleware\\SubstituteBindings.php(50): Illuminate\\Pipeline\\Pipeline->Illuminate\\Pipeline\\{closure}(Object(Illuminate\\Http\\Request))
#13 D:\\xampp\\htdocs\\ehs-backend\\vendor\\laravel\\framework\\src\\Illuminate\\Pipeline\\Pipeline.php(180): Illuminate\\Routing\\Middleware\\SubstituteBindings->handle(Object(Illuminate\\Http\\Request), Object(Closure))
#14 D:\\xampp\\htdocs\\ehs-backend\\vendor\\laravel\\framework\\src\\Illuminate\\Routing\\Middleware\\ThrottleRequests.php(126): Illuminate\\Pipeline\\Pipeline->Illuminate\\Pipeline\\{closure}(Object(Illuminate\\Http\\Request))
#15 D:\\xampp\\htdocs\\ehs-backend\\vendor\\laravel\\framework\\src\\Illuminate\\Routing\\Middleware\\ThrottleRequests.php(92): Illuminate\\Routing\\Middleware\\ThrottleRequests->handleRequest(Object(Illuminate\\Http\\Request), Object(Closure), Array)
#16 D:\\xampp\\htdocs\\ehs-backend\\vendor\\laravel\\framework\\src\\Illuminate\\Routing\\Middleware\\ThrottleRequests.php(54): Illuminate\\Routing\\Middleware\\ThrottleRequests->handleRequestUsingNamedLimiter(Object(Illuminate\\Http\\Request), Object(Closure), 'api', Object(Closure))
#17 D:\\xampp\\htdocs\\ehs-backend\\vendor\\laravel\\framework\\src\\Illuminate\\Pipeline\\Pipeline.php(180): Illuminate\\Routing\\Middleware\\ThrottleRequests->handle(Object(Illuminate\\Http\\Request), Object(Closure), 'api')
#18 D:\\xampp\\htdocs\\ehs-backend\\vendor\\laravel\\framework\\src\\Illuminate\\Pipeline\\Pipeline.php(116): Illuminate\\Pipeline\\Pipeline->Illuminate\\Pipeline\\{closure}(Object(Illuminate\\Http\\Request))
#19 D:\\xampp\\htdocs\\ehs-backend\\vendor\\laravel\\framework\\src\\Illuminate\\Routing\\Router.php(797): Illuminate\\Pipeline\\Pipeline->then(Object(Closure))
#20 D:\\xampp\\htdocs\\ehs-backend\\vendor\\laravel\\framework\\src\\Illuminate\\Routing\\Router.php(776): Illuminate\\Routing\\Router->runRouteWithinStack(Object(Illuminate\\Routing\\Route), Object(Illuminate\\Http\\Request))
#21 D:\\xampp\\htdocs\\ehs-backend\\vendor\\laravel\\framework\\src\\Illuminate\\Routing\\Router.php(740): Illuminate\\Routing\\Router->runRoute(Object(Illuminate\\Http\\Request), Object(Illuminate\\Routing\\Route))
#22 D:\\xampp\\htdocs\\ehs-backend\\vendor\\laravel\\framework\\src\\Illuminate\\Routing\\Router.php(729): Illuminate\\Routing\\Router->dispatchToRoute(Object(Illuminate\\Http\\Request))
#23 D:\\xampp\\htdocs\\ehs-backend\\vendor\\laravel\\framework\\src\\Illuminate\\Foundation\\Http\\Kernel.php(190): Illuminate\\Routing\\Router->dispatch(Object(Illuminate\\Http\\Request))
#24 D:\\xampp\\htdocs\\ehs-backend\\vendor\\laravel\\framework\\src\\Illuminate\\Pipeline\\Pipeline.php(141): Illuminate\\Foundation\\Http\\Kernel->Illuminate\\Foundation\\Http\\{closure}(Object(Illuminate\\Http\\Request))
#25 D:\\xampp\\htdocs\\ehs-backend\\vendor\\laravel\\framework\\src\\Illuminate\\Foundation\\Http\\Middleware\\TransformsRequest.php(21): Illuminate\\Pipeline\\Pipeline->Illuminate\\Pipeline\\{closure}(Object(Illuminate\\Http\\Request))
#26 D:\\xampp\\htdocs\\ehs-backend\\vendor\\laravel\\framework\\src\\Illuminate\\Foundation\\Http\\Middleware\\ConvertEmptyStringsToNull.php(31): Illuminate\\Foundation\\Http\\Middleware\\TransformsRequest->handle(Object(Illuminate\\Http\\Request), Object(Closure))
#27 D:\\xampp\\htdocs\\ehs-backend\\vendor\\laravel\\framework\\src\\Illuminate\\Pipeline\\Pipeline.php(180): Illuminate\\Foundation\\Http\\Middleware\\ConvertEmptyStringsToNull->handle(Object(Illuminate\\Http\\Request), Object(Closure))
#28 D:\\xampp\\htdocs\\ehs-backend\\vendor\\laravel\\framework\\src\\Illuminate\\Foundation\\Http\\Middleware\\TransformsRequest.php(21): Illuminate\\Pipeline\\Pipeline->Illuminate\\Pipeline\\{closure}(Object(Illuminate\\Http\\Request))
#29 D:\\xampp\\htdocs\\ehs-backend\\vendor\\laravel\\framework\\src\\Illuminate\\Foundation\\Http\\Middleware\\TrimStrings.php(40): Illuminate\\Foundation\\Http\\Middleware\\TransformsRequest->handle(Object(Illuminate\\Http\\Request), Object(Closure))
#30 D:\\xampp\\htdocs\\ehs-backend\\vendor\\laravel\\framework\\src\\Illuminate\\Pipeline\\Pipeline.php(180): Illuminate\\Foundation\\Http\\Middleware\\TrimStrings->handle(Object(Illuminate\\Http\\Request), Object(Closure))
#31 D:\\xampp\\htdocs\\ehs-backend\\vendor\\laravel\\framework\\src\\Illuminate\\Foundation\\Http\\Middleware\\ValidatePostSize.php(27): Illuminate\\Pipeline\\Pipeline->Illuminate\\Pipeline\\{closure}(Object(Illuminate\\Http\\Request))
#32 D:\\xampp\\htdocs\\ehs-backend\\vendor\\laravel\\framework\\src\\Illuminate\\Pipeline\\Pipeline.php(180): Illuminate\\Foundation\\Http\\Middleware\\ValidatePostSize->handle(Object(Illuminate\\Http\\Request), Object(Closure))
#33 D:\\xampp\\htdocs\\ehs-backend\\vendor\\laravel\\framework\\src\\Illuminate\\Foundation\\Http\\Middleware\\PreventRequestsDuringMaintenance.php(86): Illuminate\\Pipeline\\Pipeline->Illuminate\\Pipeline\\{closure}(Object(Illuminate\\Http\\Request))
#34 D:\\xampp\\htdocs\\ehs-backend\\vendor\\laravel\\framework\\src\\Illuminate\\Pipeline\\Pipeline.php(180): Illuminate\\Foundation\\Http\\Middleware\\PreventRequestsDuringMaintenance->handle(Object(Illuminate\\Http\\Request), Object(Closure))
#35 D:\\xampp\\htdocs\\ehs-backend\\vendor\\laravel\\framework\\src\\Illuminate\\Http\\Middleware\\HandleCors.php(62): Illuminate\\Pipeline\\Pipeline->Illuminate\\Pipeline\\{closure}(Object(Illuminate\\Http\\Request))
#36 D:\\xampp\\htdocs\\ehs-backend\\vendor\\laravel\\framework\\src\\Illuminate\\Pipeline\\Pipeline.php(180): Illuminate\\Http\\Middleware\\HandleCors->handle(Object(Illuminate\\Http\\Request), Object(Closure))
#37 D:\\xampp\\htdocs\\ehs-backend\\vendor\\laravel\\framework\\src\\Illuminate\\Http\\Middleware\\TrustProxies.php(39): Illuminate\\Pipeline\\Pipeline->Illuminate\\Pipeline\\{closure}(Object(Illuminate\\Http\\Request))
#38 D:\\xampp\\htdocs\\ehs-backend\\vendor\\laravel\\framework\\src\\Illuminate\\Pipeline\\Pipeline.php(180): Illuminate\\Http\\Middleware\\TrustProxies->handle(Object(Illuminate\\Http\\Request), Object(Closure))
#39 D:\\xampp\\htdocs\\ehs-backend\\vendor\\laravel\\framework\\src\\Illuminate\\Pipeline\\Pipeline.php(116): Illuminate\\Pipeline\\Pipeline->Illuminate\\Pipeline\\{closure}(Object(Illuminate\\Http\\Request))
#40 D:\\xampp\\htdocs\\ehs-backend\\vendor\\laravel\\framework\\src\\Illuminate\\Foundation\\Http\\Kernel.php(165): Illuminate\\Pipeline\\Pipeline->then(Object(Closure))
#41 D:\\xampp\\htdocs\\ehs-backend\\vendor\\laravel\\framework\\src\\Illuminate\\Foundation\\Http\\Kernel.php(134): Illuminate\\Foundation\\Http\\Kernel->sendRequestThroughRouter(Object(Illuminate\\Http\\Request))
#42 D:\\xampp\\htdocs\\ehs-backend\\public\\index.php(51): Illuminate\\Foundation\\Http\\Kernel->handle(Object(Illuminate\\Http\\Request))
#43 D:\\xampp\\htdocs\\ehs-backend\\vendor\\laravel\\framework\\src\\Illuminate\\Foundation\\resources\\server.php(16): require_once('D:\\\\xampp\\\\htdocs...')
#44 {main}

[previous exception] [object] (Lcobucci\\JWT\\Token\\InvalidTokenStructure(code: 0): The JWT string must have two dots at D:\\xampp\\htdocs\\ehs-backend\\vendor\\lcobucci\\jwt\\src\\Token\\InvalidTokenStructure.php:13)
[stacktrace]
#0 D:\\xampp\\htdocs\\ehs-backend\\vendor\\lcobucci\\jwt\\src\\Token\\Parser.php(54): Lcobucci\\JWT\\Token\\InvalidTokenStructure::missingOrNotEnoughSeparators()
#1 D:\\xampp\\htdocs\\ehs-backend\\vendor\\lcobucci\\jwt\\src\\Token\\Parser.php(31): Lcobucci\\JWT\\Token\\Parser->splitJwt('undefined')
#2 D:\\xampp\\htdocs\\ehs-backend\\vendor\\league\\oauth2-server\\src\\AuthorizationValidators\\BearerTokenValidator.php(106): Lcobucci\\JWT\\Token\\Parser->parse('undefined')
#3 D:\\xampp\\htdocs\\ehs-backend\\vendor\\league\\oauth2-server\\src\\ResourceServer.php(84): League\\OAuth2\\Server\\AuthorizationValidators\\BearerTokenValidator->validateAuthorization(Object(Nyholm\\Psr7\\ServerRequest))
#4 D:\\xampp\\htdocs\\ehs-backend\\vendor\\laravel\\passport\\src\\Guards\\TokenGuard.php(232): League\\OAuth2\\Server\\ResourceServer->validateAuthenticatedRequest(Object(Nyholm\\Psr7\\ServerRequest))
#5 D:\\xampp\\htdocs\\ehs-backend\\vendor\\laravel\\passport\\src\\Guards\\TokenGuard.php(178): Laravel\\Passport\\Guards\\TokenGuard->getPsrRequestViaBearerToken(Object(Illuminate\\Http\\Request))
#6 D:\\xampp\\htdocs\\ehs-backend\\vendor\\laravel\\passport\\src\\Guards\\TokenGuard.php(120): Laravel\\Passport\\Guards\\TokenGuard->authenticateViaBearerToken(Object(Illuminate\\Http\\Request))
#7 D:\\xampp\\htdocs\\ehs-backend\\app\\Http\\Controllers\\User\\UserController.php(121): Laravel\\Passport\\Guards\\TokenGuard->user()
#8 D:\\xampp\\htdocs\\ehs-backend\\vendor\\laravel\\framework\\src\\Illuminate\\Routing\\Controller.php(54): App\\Http\\Controllers\\User\\UserController->profile(Object(Illuminate\\Http\\Request))
#9 D:\\xampp\\htdocs\\ehs-backend\\vendor\\laravel\\framework\\src\\Illuminate\\Routing\\ControllerDispatcher.php(43): Illuminate\\Routing\\Controller->callAction('profile', Array)
#10 D:\\xampp\\htdocs\\ehs-backend\\vendor\\laravel\\framework\\src\\Illuminate\\Routing\\Route.php(259): Illuminate\\Routing\\ControllerDispatcher->dispatch(Object(Illuminate\\Routing\\Route), Object(App\\Http\\Controllers\\User\\UserController), 'profile')
#11 D:\\xampp\\htdocs\\ehs-backend\\vendor\\laravel\\framework\\src\\Illuminate\\Routing\\Route.php(205): Illuminate\\Routing\\Route->runController()
#12 D:\\xampp\\htdocs\\ehs-backend\\vendor\\laravel\\framework\\src\\Illuminate\\Routing\\Router.php(798): Illuminate\\Routing\\Route->run()
#13 D:\\xampp\\htdocs\\ehs-backend\\vendor\\laravel\\framework\\src\\Illuminate\\Pipeline\\Pipeline.php(141): Illuminate\\Routing\\Router->Illuminate\\Routing\\{closure}(Object(Illuminate\\Http\\Request))
#14 D:\\xampp\\htdocs\\ehs-backend\\vendor\\laravel\\framework\\src\\Illuminate\\Routing\\Middleware\\SubstituteBindings.php(50): Illuminate\\Pipeline\\Pipeline->Illuminate\\Pipeline\\{closure}(Object(Illuminate\\Http\\Request))
#15 D:\\xampp\\htdocs\\ehs-backend\\vendor\\laravel\\framework\\src\\Illuminate\\Pipeline\\Pipeline.php(180): Illuminate\\Routing\\Middleware\\SubstituteBindings->handle(Object(Illuminate\\Http\\Request), Object(Closure))
#16 D:\\xampp\\htdocs\\ehs-backend\\vendor\\laravel\\framework\\src\\Illuminate\\Routing\\Middleware\\ThrottleRequests.php(126): Illuminate\\Pipeline\\Pipeline->Illuminate\\Pipeline\\{closure}(Object(Illuminate\\Http\\Request))
#17 D:\\xampp\\htdocs\\ehs-backend\\vendor\\laravel\\framework\\src\\Illuminate\\Routing\\Middleware\\ThrottleRequests.php(92): Illuminate\\Routing\\Middleware\\ThrottleRequests->handleRequest(Object(Illuminate\\Http\\Request), Object(Closure), Array)
#18 D:\\xampp\\htdocs\\ehs-backend\\vendor\\laravel\\framework\\src\\Illuminate\\Routing\\Middleware\\ThrottleRequests.php(54): Illuminate\\Routing\\Middleware\\ThrottleRequests->handleRequestUsingNamedLimiter(Object(Illuminate\\Http\\Request), Object(Closure), 'api', Object(Closure))
#19 D:\\xampp\\htdocs\\ehs-backend\\vendor\\laravel\\framework\\src\\Illuminate\\Pipeline\\Pipeline.php(180): Illuminate\\Routing\\Middleware\\ThrottleRequests->handle(Object(Illuminate\\Http\\Request), Object(Closure), 'api')
#20 D:\\xampp\\htdocs\\ehs-backend\\vendor\\laravel\\framework\\src\\Illuminate\\Pipeline\\Pipeline.php(116): Illuminate\\Pipeline\\Pipeline->Illuminate\\Pipeline\\{closure}(Object(Illuminate\\Http\\Request))
#21 D:\\xampp\\htdocs\\ehs-backend\\vendor\\laravel\\framework\\src\\Illuminate\\Routing\\Router.php(797): Illuminate\\Pipeline\\Pipeline->then(Object(Closure))
#22 D:\\xampp\\htdocs\\ehs-backend\\vendor\\laravel\\framework\\src\\Illuminate\\Routing\\Router.php(776): Illuminate\\Routing\\Router->runRouteWithinStack(Object(Illuminate\\Routing\\Route), Object(Illuminate\\Http\\Request))
#23 D:\\xampp\\htdocs\\ehs-backend\\vendor\\laravel\\framework\\src\\Illuminate\\Routing\\Router.php(740): Illuminate\\Routing\\Router->runRoute(Object(Illuminate\\Http\\Request), Object(Illuminate\\Routing\\Route))
#24 D:\\xampp\\htdocs\\ehs-backend\\vendor\\laravel\\framework\\src\\Illuminate\\Routing\\Router.php(729): Illuminate\\Routing\\Router->dispatchToRoute(Object(Illuminate\\Http\\Request))
#25 D:\\xampp\\htdocs\\ehs-backend\\vendor\\laravel\\framework\\src\\Illuminate\\Foundation\\Http\\Kernel.php(190): Illuminate\\Routing\\Router->dispatch(Object(Illuminate\\Http\\Request))
#26 D:\\xampp\\htdocs\\ehs-backend\\vendor\\laravel\\framework\\src\\Illuminate\\Pipeline\\Pipeline.php(141): Illuminate\\Foundation\\Http\\Kernel->Illuminate\\Foundation\\Http\\{closure}(Object(Illuminate\\Http\\Request))
#27 D:\\xampp\\htdocs\\ehs-backend\\vendor\\laravel\\framework\\src\\Illuminate\\Foundation\\Http\\Middleware\\TransformsRequest.php(21): Illuminate\\Pipeline\\Pipeline->Illuminate\\Pipeline\\{closure}(Object(Illuminate\\Http\\Request))
#28 D:\\xampp\\htdocs\\ehs-backend\\vendor\\laravel\\framework\\src\\Illuminate\\Foundation\\Http\\Middleware\\ConvertEmptyStringsToNull.php(31): Illuminate\\Foundation\\Http\\Middleware\\TransformsRequest->handle(Object(Illuminate\\Http\\Request), Object(Closure))
#29 D:\\xampp\\htdocs\\ehs-backend\\vendor\\laravel\\framework\\src\\Illuminate\\Pipeline\\Pipeline.php(180): Illuminate\\Foundation\\Http\\Middleware\\ConvertEmptyStringsToNull->handle(Object(Illuminate\\Http\\Request), Object(Closure))
#30 D:\\xampp\\htdocs\\ehs-backend\\vendor\\laravel\\framework\\src\\Illuminate\\Foundation\\Http\\Middleware\\TransformsRequest.php(21): Illuminate\\Pipeline\\Pipeline->Illuminate\\Pipeline\\{closure}(Object(Illuminate\\Http\\Request))
#31 D:\\xampp\\htdocs\\ehs-backend\\vendor\\laravel\\framework\\src\\Illuminate\\Foundation\\Http\\Middleware\\TrimStrings.php(40): Illuminate\\Foundation\\Http\\Middleware\\TransformsRequest->handle(Object(Illuminate\\Http\\Request), Object(Closure))
#32 D:\\xampp\\htdocs\\ehs-backend\\vendor\\laravel\\framework\\src\\Illuminate\\Pipeline\\Pipeline.php(180): Illuminate\\Foundation\\Http\\Middleware\\TrimStrings->handle(Object(Illuminate\\Http\\Request), Object(Closure))
#33 D:\\xampp\\htdocs\\ehs-backend\\vendor\\laravel\\framework\\src\\Illuminate\\Foundation\\Http\\Middleware\\ValidatePostSize.php(27): Illuminate\\Pipeline\\Pipeline->Illuminate\\Pipeline\\{closure}(Object(Illuminate\\Http\\Request))
#34 D:\\xampp\\htdocs\\ehs-backend\\vendor\\laravel\\framework\\src\\Illuminate\\Pipeline\\Pipeline.php(180): Illuminate\\Foundation\\Http\\Middleware\\ValidatePostSize->handle(Object(Illuminate\\Http\\Request), Object(Closure))
#35 D:\\xampp\\htdocs\\ehs-backend\\vendor\\laravel\\framework\\src\\Illuminate\\Foundation\\Http\\Middleware\\PreventRequestsDuringMaintenance.php(86): Illuminate\\Pipeline\\Pipeline->Illuminate\\Pipeline\\{closure}(Object(Illuminate\\Http\\Request))
#36 D:\\xampp\\htdocs\\ehs-backend\\vendor\\laravel\\framework\\src\\Illuminate\\Pipeline\\Pipeline.php(180): Illuminate\\Foundation\\Http\\Middleware\\PreventRequestsDuringMaintenance->handle(Object(Illuminate\\Http\\Request), Object(Closure))
#37 D:\\xampp\\htdocs\\ehs-backend\\vendor\\laravel\\framework\\src\\Illuminate\\Http\\Middleware\\HandleCors.php(62): Illuminate\\Pipeline\\Pipeline->Illuminate\\Pipeline\\{closure}(Object(Illuminate\\Http\\Request))
#38 D:\\xampp\\htdocs\\ehs-backend\\vendor\\laravel\\framework\\src\\Illuminate\\Pipeline\\Pipeline.php(180): Illuminate\\Http\\Middleware\\HandleCors->handle(Object(Illuminate\\Http\\Request), Object(Closure))
#39 D:\\xampp\\htdocs\\ehs-backend\\vendor\\laravel\\framework\\src\\Illuminate\\Http\\Middleware\\TrustProxies.php(39): Illuminate\\Pipeline\\Pipeline->Illuminate\\Pipeline\\{closure}(Object(Illuminate\\Http\\Request))
#40 D:\\xampp\\htdocs\\ehs-backend\\vendor\\laravel\\framework\\src\\Illuminate\\Pipeline\\Pipeline.php(180): Illuminate\\Http\\Middleware\\TrustProxies->handle(Object(Illuminate\\Http\\Request), Object(Closure))
#41 D:\\xampp\\htdocs\\ehs-backend\\vendor\\laravel\\framework\\src\\Illuminate\\Pipeline\\Pipeline.php(116): Illuminate\\Pipeline\\Pipeline->Illuminate\\Pipeline\\{closure}(Object(Illuminate\\Http\\Request))
#42 D:\\xampp\\htdocs\\ehs-backend\\vendor\\laravel\\framework\\src\\Illuminate\\Foundation\\Http\\Kernel.php(165): Illuminate\\Pipeline\\Pipeline->then(Object(Closure))
#43 D:\\xampp\\htdocs\\ehs-backend\\vendor\\laravel\\framework\\src\\Illuminate\\Foundation\\Http\\Kernel.php(134): Illuminate\\Foundation\\Http\\Kernel->sendRequestThroughRouter(Object(Illuminate\\Http\\Request))
#44 D:\\xampp\\htdocs\\ehs-backend\\public\\index.php(51): Illuminate\\Foundation\\Http\\Kernel->handle(Object(Illuminate\\Http\\Request))
#45 D:\\xampp\\htdocs\\ehs-backend\\vendor\\laravel\\framework\\src\\Illuminate\\Foundation\\resources\\server.php(16): require_once('D:\\\\xampp\\\\htdocs...')
#46 {main}
"} 
[2026-01-06 15:13:36] local.ERROR: Target class [APP\Http\Controllers\StripeController] does not exist. {"exception":"[object] (Illuminate\\Contracts\\Container\\BindingResolutionException(code: 0): Target class [APP\\Http\\Controllers\\StripeController] does not exist. at D:\\xampp\\htdocs\\ehs-backend\\vendor\\laravel\\framework\\src\\Illuminate\\Container\\Container.php:891)
[stacktrace]
#0 D:\\xampp\\htdocs\\ehs-backend\\vendor\\laravel\\framework\\src\\Illuminate\\Container\\Container.php(770): Illuminate\\Container\\Container->build('APP\\\\Http\\\\Contro...')
#1 D:\\xampp\\htdocs\\ehs-backend\\vendor\\laravel\\framework\\src\\Illuminate\\Foundation\\Application.php(856): Illuminate\\Container\\Container->resolve('APP\\\\Http\\\\Contro...', Array, true)
#2 D:\\xampp\\htdocs\\ehs-backend\\vendor\\laravel\\framework\\src\\Illuminate\\Container\\Container.php(706): Illuminate\\Foundation\\Application->resolve('APP\\\\Http\\\\Contro...', Array)
#3 D:\\xampp\\htdocs\\ehs-backend\\vendor\\laravel\\framework\\src\\Illuminate\\Foundation\\Application.php(841): Illuminate\\Container\\Container->make('APP\\\\Http\\\\Contro...', Array)
#4 D:\\xampp\\htdocs\\ehs-backend\\vendor\\laravel\\framework\\src\\Illuminate\\Routing\\Route.php(274): Illuminate\\Foundation\\Application->make('APP\\\\Http\\\\Contro...')
#5 D:\\xampp\\htdocs\\ehs-backend\\vendor\\laravel\\framework\\src\\Illuminate\\Routing\\Route.php(260): Illuminate\\Routing\\Route->getController()
#6 D:\\xampp\\htdocs\\ehs-backend\\vendor\\laravel\\framework\\src\\Illuminate\\Routing\\Route.php(205): Illuminate\\Routing\\Route->runController()
#7 D:\\xampp\\htdocs\\ehs-backend\\vendor\\laravel\\framework\\src\\Illuminate\\Routing\\Router.php(798): Illuminate\\Routing\\Route->run()
#8 D:\\xampp\\htdocs\\ehs-backend\\vendor\\laravel\\framework\\src\\Illuminate\\Pipeline\\Pipeline.php(141): Illuminate\\Routing\\Router->Illuminate\\Routing\\{closure}(Object(Illuminate\\Http\\Request))
#9 D:\\xampp\\htdocs\\ehs-backend\\vendor\\laravel\\framework\\src\\Illuminate\\Routing\\Middleware\\SubstituteBindings.php(50): Illuminate\\Pipeline\\Pipeline->Illuminate\\Pipeline\\{closure}(Object(Illuminate\\Http\\Request))
#10 D:\\xampp\\htdocs\\ehs-backend\\vendor\\laravel\\framework\\src\\Illuminate\\Pipeline\\Pipeline.php(180): Illuminate\\Routing\\Middleware\\SubstituteBindings->handle(Object(Illuminate\\Http\\Request), Object(Closure))
#11 D:\\xampp\\htdocs\\ehs-backend\\vendor\\laravel\\framework\\src\\Illuminate\\Routing\\Middleware\\ThrottleRequests.php(126): Illuminate\\Pipeline\\Pipeline->Illuminate\\Pipeline\\{closure}(Object(Illuminate\\Http\\Request))
#12 D:\\xampp\\htdocs\\ehs-backend\\vendor\\laravel\\framework\\src\\Illuminate\\Routing\\Middleware\\ThrottleRequests.php(92): Illuminate\\Routing\\Middleware\\ThrottleRequests->handleRequest(Object(Illuminate\\Http\\Request), Object(Closure), Array)
#13 D:\\xampp\\htdocs\\ehs-backend\\vendor\\laravel\\framework\\src\\Illuminate\\Routing\\Middleware\\ThrottleRequests.php(54): Illuminate\\Routing\\Middleware\\ThrottleRequests->handleRequestUsingNamedLimiter(Object(Illuminate\\Http\\Request), Object(Closure), 'api', Object(Closure))
#14 D:\\xampp\\htdocs\\ehs-backend\\vendor\\laravel\\framework\\src\\Illuminate\\Pipeline\\Pipeline.php(180): Illuminate\\Routing\\Middleware\\ThrottleRequests->handle(Object(Illuminate\\Http\\Request), Object(Closure), 'api')
#15 D:\\xampp\\htdocs\\ehs-backend\\vendor\\laravel\\framework\\src\\Illuminate\\Pipeline\\Pipeline.php(116): Illuminate\\Pipeline\\Pipeline->Illuminate\\Pipeline\\{closure}(Object(Illuminate\\Http\\Request))
#16 D:\\xampp\\htdocs\\ehs-backend\\vendor\\laravel\\framework\\src\\Illuminate\\Routing\\Router.php(797): Illuminate\\Pipeline\\Pipeline->then(Object(Closure))
#17 D:\\xampp\\htdocs\\ehs-backend\\vendor\\laravel\\framework\\src\\Illuminate\\Routing\\Router.php(776): Illuminate\\Routing\\Router->runRouteWithinStack(Object(Illuminate\\Routing\\Route), Object(Illuminate\\Http\\Request))
#18 D:\\xampp\\htdocs\\ehs-backend\\vendor\\laravel\\framework\\src\\Illuminate\\Routing\\Router.php(740): Illuminate\\Routing\\Router->runRoute(Object(Illuminate\\Http\\Request), Object(Illuminate\\Routing\\Route))
#19 D:\\xampp\\htdocs\\ehs-backend\\vendor\\laravel\\framework\\src\\Illuminate\\Routing\\Router.php(729): Illuminate\\Routing\\Router->dispatchToRoute(Object(Illuminate\\Http\\Request))
#20 D:\\xampp\\htdocs\\ehs-backend\\vendor\\laravel\\framework\\src\\Illuminate\\Foundation\\Http\\Kernel.php(190): Illuminate\\Routing\\Router->dispatch(Object(Illuminate\\Http\\Request))
#21 D:\\xampp\\htdocs\\ehs-backend\\vendor\\laravel\\framework\\src\\Illuminate\\Pipeline\\Pipeline.php(141): Illuminate\\Foundation\\Http\\Kernel->Illuminate\\Foundation\\Http\\{closure}(Object(Illuminate\\Http\\Request))
#22 D:\\xampp\\htdocs\\ehs-backend\\vendor\\laravel\\framework\\src\\Illuminate\\Foundation\\Http\\Middleware\\TransformsRequest.php(21): Illuminate\\Pipeline\\Pipeline->Illuminate\\Pipeline\\{closure}(Object(Illuminate\\Http\\Request))
#23 D:\\xampp\\htdocs\\ehs-backend\\vendor\\laravel\\framework\\src\\Illuminate\\Foundation\\Http\\Middleware\\ConvertEmptyStringsToNull.php(31): Illuminate\\Foundation\\Http\\Middleware\\TransformsRequest->handle(Object(Illuminate\\Http\\Request), Object(Closure))
#24 D:\\xampp\\htdocs\\ehs-backend\\vendor\\laravel\\framework\\src\\Illuminate\\Pipeline\\Pipeline.php(180): Illuminate\\Foundation\\Http\\Middleware\\ConvertEmptyStringsToNull->handle(Object(Illuminate\\Http\\Request), Object(Closure))
#25 D:\\xampp\\htdocs\\ehs-backend\\vendor\\laravel\\framework\\src\\Illuminate\\Foundation\\Http\\Middleware\\TransformsRequest.php(21): Illuminate\\Pipeline\\Pipeline->Illuminate\\Pipeline\\{closure}(Object(Illuminate\\Http\\Request))
#26 D:\\xampp\\htdocs\\ehs-backend\\vendor\\laravel\\framework\\src\\Illuminate\\Foundation\\Http\\Middleware\\TrimStrings.php(40): Illuminate\\Foundation\\Http\\Middleware\\TransformsRequest->handle(Object(Illuminate\\Http\\Request), Object(Closure))
#27 D:\\xampp\\htdocs\\ehs-backend\\vendor\\laravel\\framework\\src\\Illuminate\\Pipeline\\Pipeline.php(180): Illuminate\\Foundation\\Http\\Middleware\\TrimStrings->handle(Object(Illuminate\\Http\\Request), Object(Closure))
#28 D:\\xampp\\htdocs\\ehs-backend\\vendor\\laravel\\framework\\src\\Illuminate\\Foundation\\Http\\Middleware\\ValidatePostSize.php(27): Illuminate\\Pipeline\\Pipeline->Illuminate\\Pipeline\\{closure}(Object(Illuminate\\Http\\Request))
#29 D:\\xampp\\htdocs\\ehs-backend\\vendor\\laravel\\framework\\src\\Illuminate\\Pipeline\\Pipeline.php(180): Illuminate\\Foundation\\Http\\Middleware\\ValidatePostSize->handle(Object(Illuminate\\Http\\Request), Object(Closure))
#30 D:\\xampp\\htdocs\\ehs-backend\\vendor\\laravel\\framework\\src\\Illuminate\\Foundation\\Http\\Middleware\\PreventRequestsDuringMaintenance.php(86): Illuminate\\Pipeline\\Pipeline->Illuminate\\Pipeline\\{closure}(Object(Illuminate\\Http\\Request))
#31 D:\\xampp\\htdocs\\ehs-backend\\vendor\\laravel\\framework\\src\\Illuminate\\Pipeline\\Pipeline.php(180): Illuminate\\Foundation\\Http\\Middleware\\PreventRequestsDuringMaintenance->handle(Object(Illuminate\\Http\\Request), Object(Closure))
#32 D:\\xampp\\htdocs\\ehs-backend\\vendor\\laravel\\framework\\src\\Illuminate\\Http\\Middleware\\HandleCors.php(62): Illuminate\\Pipeline\\Pipeline->Illuminate\\Pipeline\\{closure}(Object(Illuminate\\Http\\Request))
#33 D:\\xampp\\htdocs\\ehs-backend\\vendor\\laravel\\framework\\src\\Illuminate\\Pipeline\\Pipeline.php(180): Illuminate\\Http\\Middleware\\HandleCors->handle(Object(Illuminate\\Http\\Request), Object(Closure))
#34 D:\\xampp\\htdocs\\ehs-backend\\vendor\\laravel\\framework\\src\\Illuminate\\Http\\Middleware\\TrustProxies.php(39): Illuminate\\Pipeline\\Pipeline->Illuminate\\Pipeline\\{closure}(Object(Illuminate\\Http\\Request))
#35 D:\\xampp\\htdocs\\ehs-backend\\vendor\\laravel\\framework\\src\\Illuminate\\Pipeline\\Pipeline.php(180): Illuminate\\Http\\Middleware\\TrustProxies->handle(Object(Illuminate\\Http\\Request), Object(Closure))
#36 D:\\xampp\\htdocs\\ehs-backend\\vendor\\laravel\\framework\\src\\Illuminate\\Pipeline\\Pipeline.php(116): Illuminate\\Pipeline\\Pipeline->Illuminate\\Pipeline\\{closure}(Object(Illuminate\\Http\\Request))
#37 D:\\xampp\\htdocs\\ehs-backend\\vendor\\laravel\\framework\\src\\Illuminate\\Foundation\\Http\\Kernel.php(165): Illuminate\\Pipeline\\Pipeline->then(Object(Closure))
#38 D:\\xampp\\htdocs\\ehs-backend\\vendor\\laravel\\framework\\src\\Illuminate\\Foundation\\Http\\Kernel.php(134): Illuminate\\Foundation\\Http\\Kernel->sendRequestThroughRouter(Object(Illuminate\\Http\\Request))
#39 D:\\xampp\\htdocs\\ehs-backend\\public\\index.php(51): Illuminate\\Foundation\\Http\\Kernel->handle(Object(Illuminate\\Http\\Request))
#40 D:\\xampp\\htdocs\\ehs-backend\\vendor\\laravel\\framework\\src\\Illuminate\\Foundation\\resources\\server.php(16): require_once('D:\\\\xampp\\\\htdocs...')
#41 {main}

[previous exception] [object] (ReflectionException(code: -1): Class \"APP\\Http\\Controllers\\StripeController\" does not exist at D:\\xampp\\htdocs\\ehs-backend\\vendor\\laravel\\framework\\src\\Illuminate\\Container\\Container.php:889)
[stacktrace]
#0 D:\\xampp\\htdocs\\ehs-backend\\vendor\\laravel\\framework\\src\\Illuminate\\Container\\Container.php(889): ReflectionClass->__construct('APP\\\\Http\\\\Contro...')
#1 D:\\xampp\\htdocs\\ehs-backend\\vendor\\laravel\\framework\\src\\Illuminate\\Container\\Container.php(770): Illuminate\\Container\\Container->build('APP\\\\Http\\\\Contro...')
#2 D:\\xampp\\htdocs\\ehs-backend\\vendor\\laravel\\framework\\src\\Illuminate\\Foundation\\Application.php(856): Illuminate\\Container\\Container->resolve('APP\\\\Http\\\\Contro...', Array, true)
#3 D:\\xampp\\htdocs\\ehs-backend\\vendor\\laravel\\framework\\src\\Illuminate\\Container\\Container.php(706): Illuminate\\Foundation\\Application->resolve('APP\\\\Http\\\\Contro...', Array)
#4 D:\\xampp\\htdocs\\ehs-backend\\vendor\\laravel\\framework\\src\\Illuminate\\Foundation\\Application.php(841): Illuminate\\Container\\Container->make('APP\\\\Http\\\\Contro...', Array)
#5 D:\\xampp\\htdocs\\ehs-backend\\vendor\\laravel\\framework\\src\\Illuminate\\Routing\\Route.php(274): Illuminate\\Foundation\\Application->make('APP\\\\Http\\\\Contro...')
#6 D:\\xampp\\htdocs\\ehs-backend\\vendor\\laravel\\framework\\src\\Illuminate\\Routing\\Route.php(260): Illuminate\\Routing\\Route->getController()
#7 D:\\xampp\\htdocs\\ehs-backend\\vendor\\laravel\\framework\\src\\Illuminate\\Routing\\Route.php(205): Illuminate\\Routing\\Route->runController()
#8 D:\\xampp\\htdocs\\ehs-backend\\vendor\\laravel\\framework\\src\\Illuminate\\Routing\\Router.php(798): Illuminate\\Routing\\Route->run()
#9 D:\\xampp\\htdocs\\ehs-backend\\vendor\\laravel\\framework\\src\\Illuminate\\Pipeline\\Pipeline.php(141): Illuminate\\Routing\\Router->Illuminate\\Routing\\{closure}(Object(Illuminate\\Http\\Request))
#10 D:\\xampp\\htdocs\\ehs-backend\\vendor\\laravel\\framework\\src\\Illuminate\\Routing\\Middleware\\SubstituteBindings.php(50): Illuminate\\Pipeline\\Pipeline->Illuminate\\Pipeline\\{closure}(Object(Illuminate\\Http\\Request))
#11 D:\\xampp\\htdocs\\ehs-backend\\vendor\\laravel\\framework\\src\\Illuminate\\Pipeline\\Pipeline.php(180): Illuminate\\Routing\\Middleware\\SubstituteBindings->handle(Object(Illuminate\\Http\\Request), Object(Closure))
#12 D:\\xampp\\htdocs\\ehs-backend\\vendor\\laravel\\framework\\src\\Illuminate\\Routing\\Middleware\\ThrottleRequests.php(126): Illuminate\\Pipeline\\Pipeline->Illuminate\\Pipeline\\{closure}(Object(Illuminate\\Http\\Request))
#13 D:\\xampp\\htdocs\\ehs-backend\\vendor\\laravel\\framework\\src\\Illuminate\\Routing\\Middleware\\ThrottleRequests.php(92): Illuminate\\Routing\\Middleware\\ThrottleRequests->handleRequest(Object(Illuminate\\Http\\Request), Object(Closure), Array)
#14 D:\\xampp\\htdocs\\ehs-backend\\vendor\\laravel\\framework\\src\\Illuminate\\Routing\\Middleware\\ThrottleRequests.php(54): Illuminate\\Routing\\Middleware\\ThrottleRequests->handleRequestUsingNamedLimiter(Object(Illuminate\\Http\\Request), Object(Closure), 'api', Object(Closure))
#15 D:\\xampp\\htdocs\\ehs-backend\\vendor\\laravel\\framework\\src\\Illuminate\\Pipeline\\Pipeline.php(180): Illuminate\\Routing\\Middleware\\ThrottleRequests->handle(Object(Illuminate\\Http\\Request), Object(Closure), 'api')
#16 D:\\xampp\\htdocs\\ehs-backend\\vendor\\laravel\\framework\\src\\Illuminate\\Pipeline\\Pipeline.php(116): Illuminate\\Pipeline\\Pipeline->Illuminate\\Pipeline\\{closure}(Object(Illuminate\\Http\\Request))
#17 D:\\xampp\\htdocs\\ehs-backend\\vendor\\laravel\\framework\\src\\Illuminate\\Routing\\Router.php(797): Illuminate\\Pipeline\\Pipeline->then(Object(Closure))
#18 D:\\xampp\\htdocs\\ehs-backend\\vendor\\laravel\\framework\\src\\Illuminate\\Routing\\Router.php(776): Illuminate\\Routing\\Router->runRouteWithinStack(Object(Illuminate\\Routing\\Route), Object(Illuminate\\Http\\Request))
#19 D:\\xampp\\htdocs\\ehs-backend\\vendor\\laravel\\framework\\src\\Illuminate\\Routing\\Router.php(740): Illuminate\\Routing\\Router->runRoute(Object(Illuminate\\Http\\Request), Object(Illuminate\\Routing\\Route))
#20 D:\\xampp\\htdocs\\ehs-backend\\vendor\\laravel\\framework\\src\\Illuminate\\Routing\\Router.php(729): Illuminate\\Routing\\Router->dispatchToRoute(Object(Illuminate\\Http\\Request))
#21 D:\\xampp\\htdocs\\ehs-backend\\vendor\\laravel\\framework\\src\\Illuminate\\Foundation\\Http\\Kernel.php(190): Illuminate\\Routing\\Router->dispatch(Object(Illuminate\\Http\\Request))
#22 D:\\xampp\\htdocs\\ehs-backend\\vendor\\laravel\\framework\\src\\Illuminate\\Pipeline\\Pipeline.php(141): Illuminate\\Foundation\\Http\\Kernel->Illuminate\\Foundation\\Http\\{closure}(Object(Illuminate\\Http\\Request))
#23 D:\\xampp\\htdocs\\ehs-backend\\vendor\\laravel\\framework\\src\\Illuminate\\Foundation\\Http\\Middleware\\TransformsRequest.php(21): Illuminate\\Pipeline\\Pipeline->Illuminate\\Pipeline\\{closure}(Object(Illuminate\\Http\\Request))
#24 D:\\xampp\\htdocs\\ehs-backend\\vendor\\laravel\\framework\\src\\Illuminate\\Foundation\\Http\\Middleware\\ConvertEmptyStringsToNull.php(31): Illuminate\\Foundation\\Http\\Middleware\\TransformsRequest->handle(Object(Illuminate\\Http\\Request), Object(Closure))
#25 D:\\xampp\\htdocs\\ehs-backend\\vendor\\laravel\\framework\\src\\Illuminate\\Pipeline\\Pipeline.php(180): Illuminate\\Foundation\\Http\\Middleware\\ConvertEmptyStringsToNull->handle(Object(Illuminate\\Http\\Request), Object(Closure))
#26 D:\\xampp\\htdocs\\ehs-backend\\vendor\\laravel\\framework\\src\\Illuminate\\Foundation\\Http\\Middleware\\TransformsRequest.php(21): Illuminate\\Pipeline\\Pipeline->Illuminate\\Pipeline\\{closure}(Object(Illuminate\\Http\\Request))
#27 D:\\xampp\\htdocs\\ehs-backend\\vendor\\laravel\\framework\\src\\Illuminate\\Foundation\\Http\\Middleware\\TrimStrings.php(40): Illuminate\\Foundation\\Http\\Middleware\\TransformsRequest->handle(Object(Illuminate\\Http\\Request), Object(Closure))
#28 D:\\xampp\\htdocs\\ehs-backend\\vendor\\laravel\\framework\\src\\Illuminate\\Pipeline\\Pipeline.php(180): Illuminate\\Foundation\\Http\\Middleware\\TrimStrings->handle(Object(Illuminate\\Http\\Request), Object(Closure))
#29 D:\\xampp\\htdocs\\ehs-backend\\vendor\\laravel\\framework\\src\\Illuminate\\Foundation\\Http\\Middleware\\ValidatePostSize.php(27): Illuminate\\Pipeline\\Pipeline->Illuminate\\Pipeline\\{closure}(Object(Illuminate\\Http\\Request))
#30 D:\\xampp\\htdocs\\ehs-backend\\vendor\\laravel\\framework\\src\\Illuminate\\Pipeline\\Pipeline.php(180): Illuminate\\Foundation\\Http\\Middleware\\ValidatePostSize->handle(Object(Illuminate\\Http\\Request), Object(Closure))
#31 D:\\xampp\\htdocs\\ehs-backend\\vendor\\laravel\\framework\\src\\Illuminate\\Foundation\\Http\\Middleware\\PreventRequestsDuringMaintenance.php(86): Illuminate\\Pipeline\\Pipeline->Illuminate\\Pipeline\\{closure}(Object(Illuminate\\Http\\Request))
#32 D:\\xampp\\htdocs\\ehs-backend\\vendor\\laravel\\framework\\src\\Illuminate\\Pipeline\\Pipeline.php(180): Illuminate\\Foundation\\Http\\Middleware\\PreventRequestsDuringMaintenance->handle(Object(Illuminate\\Http\\Request), Object(Closure))
#33 D:\\xampp\\htdocs\\ehs-backend\\vendor\\laravel\\framework\\src\\Illuminate\\Http\\Middleware\\HandleCors.php(62): Illuminate\\Pipeline\\Pipeline->Illuminate\\Pipeline\\{closure}(Object(Illuminate\\Http\\Request))
#34 D:\\xampp\\htdocs\\ehs-backend\\vendor\\laravel\\framework\\src\\Illuminate\\Pipeline\\Pipeline.php(180): Illuminate\\Http\\Middleware\\HandleCors->handle(Object(Illuminate\\Http\\Request), Object(Closure))
#35 D:\\xampp\\htdocs\\ehs-backend\\vendor\\laravel\\framework\\src\\Illuminate\\Http\\Middleware\\TrustProxies.php(39): Illuminate\\Pipeline\\Pipeline->Illuminate\\Pipeline\\{closure}(Object(Illuminate\\Http\\Request))
#36 D:\\xampp\\htdocs\\ehs-backend\\vendor\\laravel\\framework\\src\\Illuminate\\Pipeline\\Pipeline.php(180): Illuminate\\Http\\Middleware\\TrustProxies->handle(Object(Illuminate\\Http\\Request), Object(Closure))
#37 D:\\xampp\\htdocs\\ehs-backend\\vendor\\laravel\\framework\\src\\Illuminate\\Pipeline\\Pipeline.php(116): Illuminate\\Pipeline\\Pipeline->Illuminate\\Pipeline\\{closure}(Object(Illuminate\\Http\\Request))
#38 D:\\xampp\\htdocs\\ehs-backend\\vendor\\laravel\\framework\\src\\Illuminate\\Foundation\\Http\\Kernel.php(165): Illuminate\\Pipeline\\Pipeline->then(Object(Closure))
#39 D:\\xampp\\htdocs\\ehs-backend\\vendor\\laravel\\framework\\src\\Illuminate\\Foundation\\Http\\Kernel.php(134): Illuminate\\Foundation\\Http\\Kernel->sendRequestThroughRouter(Object(Illuminate\\Http\\Request))
#40 D:\\xampp\\htdocs\\ehs-backend\\public\\index.php(51): Illuminate\\Foundation\\Http\\Kernel->handle(Object(Illuminate\\Http\\Request))
#41 D:\\xampp\\htdocs\\ehs-backend\\vendor\\laravel\\framework\\src\\Illuminate\\Foundation\\resources\\server.php(16): require_once('D:\\\\xampp\\\\htdocs...')
#42 {main}
"} 
[2026-01-06 15:15:44] local.ERROR: Target class [APP\Http\Controllers\User\StripeController] does not exist. {"exception":"[object] (Illuminate\\Contracts\\Container\\BindingResolutionException(code: 0): Target class [APP\\Http\\Controllers\\User\\StripeController] does not exist. at D:\\xampp\\htdocs\\ehs-backend\\vendor\\laravel\\framework\\src\\Illuminate\\Container\\Container.php:891)
[stacktrace]
#0 D:\\xampp\\htdocs\\ehs-backend\\vendor\\laravel\\framework\\src\\Illuminate\\Container\\Container.php(770): Illuminate\\Container\\Container->build('APP\\\\Http\\\\Contro...')
#1 D:\\xampp\\htdocs\\ehs-backend\\vendor\\laravel\\framework\\src\\Illuminate\\Foundation\\Application.php(856): Illuminate\\Container\\Container->resolve('APP\\\\Http\\\\Contro...', Array, true)
#2 D:\\xampp\\htdocs\\ehs-backend\\vendor\\laravel\\framework\\src\\Illuminate\\Container\\Container.php(706): Illuminate\\Foundation\\Application->resolve('APP\\\\Http\\\\Contro...', Array)
#3 D:\\xampp\\htdocs\\ehs-backend\\vendor\\laravel\\framework\\src\\Illuminate\\Foundation\\Application.php(841): Illuminate\\Container\\Container->make('APP\\\\Http\\\\Contro...', Array)
#4 D:\\xampp\\htdocs\\ehs-backend\\vendor\\laravel\\framework\\src\\Illuminate\\Routing\\Route.php(274): Illuminate\\Foundation\\Application->make('APP\\\\Http\\\\Contro...')
#5 D:\\xampp\\htdocs\\ehs-backend\\vendor\\laravel\\framework\\src\\Illuminate\\Routing\\Route.php(260): Illuminate\\Routing\\Route->getController()
#6 D:\\xampp\\htdocs\\ehs-backend\\vendor\\laravel\\framework\\src\\Illuminate\\Routing\\Route.php(205): Illuminate\\Routing\\Route->runController()
#7 D:\\xampp\\htdocs\\ehs-backend\\vendor\\laravel\\framework\\src\\Illuminate\\Routing\\Router.php(798): Illuminate\\Routing\\Route->run()
#8 D:\\xampp\\htdocs\\ehs-backend\\vendor\\laravel\\framework\\src\\Illuminate\\Pipeline\\Pipeline.php(141): Illuminate\\Routing\\Router->Illuminate\\Routing\\{closure}(Object(Illuminate\\Http\\Request))
#9 D:\\xampp\\htdocs\\ehs-backend\\vendor\\laravel\\framework\\src\\Illuminate\\Routing\\Middleware\\SubstituteBindings.php(50): Illuminate\\Pipeline\\Pipeline->Illuminate\\Pipeline\\{closure}(Object(Illuminate\\Http\\Request))
#10 D:\\xampp\\htdocs\\ehs-backend\\vendor\\laravel\\framework\\src\\Illuminate\\Pipeline\\Pipeline.php(180): Illuminate\\Routing\\Middleware\\SubstituteBindings->handle(Object(Illuminate\\Http\\Request), Object(Closure))
#11 D:\\xampp\\htdocs\\ehs-backend\\vendor\\laravel\\framework\\src\\Illuminate\\Routing\\Middleware\\ThrottleRequests.php(126): Illuminate\\Pipeline\\Pipeline->Illuminate\\Pipeline\\{closure}(Object(Illuminate\\Http\\Request))
#12 D:\\xampp\\htdocs\\ehs-backend\\vendor\\laravel\\framework\\src\\Illuminate\\Routing\\Middleware\\ThrottleRequests.php(92): Illuminate\\Routing\\Middleware\\ThrottleRequests->handleRequest(Object(Illuminate\\Http\\Request), Object(Closure), Array)
#13 D:\\xampp\\htdocs\\ehs-backend\\vendor\\laravel\\framework\\src\\Illuminate\\Routing\\Middleware\\ThrottleRequests.php(54): Illuminate\\Routing\\Middleware\\ThrottleRequests->handleRequestUsingNamedLimiter(Object(Illuminate\\Http\\Request), Object(Closure), 'api', Object(Closure))
#14 D:\\xampp\\htdocs\\ehs-backend\\vendor\\laravel\\framework\\src\\Illuminate\\Pipeline\\Pipeline.php(180): Illuminate\\Routing\\Middleware\\ThrottleRequests->handle(Object(Illuminate\\Http\\Request), Object(Closure), 'api')
#15 D:\\xampp\\htdocs\\ehs-backend\\vendor\\laravel\\framework\\src\\Illuminate\\Pipeline\\Pipeline.php(116): Illuminate\\Pipeline\\Pipeline->Illuminate\\Pipeline\\{closure}(Object(Illuminate\\Http\\Request))
#16 D:\\xampp\\htdocs\\ehs-backend\\vendor\\laravel\\framework\\src\\Illuminate\\Routing\\Router.php(797): Illuminate\\Pipeline\\Pipeline->then(Object(Closure))
#17 D:\\xampp\\htdocs\\ehs-backend\\vendor\\laravel\\framework\\src\\Illuminate\\Routing\\Router.php(776): Illuminate\\Routing\\Router->runRouteWithinStack(Object(Illuminate\\Routing\\Route), Object(Illuminate\\Http\\Request))
#18 D:\\xampp\\htdocs\\ehs-backend\\vendor\\laravel\\framework\\src\\Illuminate\\Routing\\Router.php(740): Illuminate\\Routing\\Router->runRoute(Object(Illuminate\\Http\\Request), Object(Illuminate\\Routing\\Route))
#19 D:\\xampp\\htdocs\\ehs-backend\\vendor\\laravel\\framework\\src\\Illuminate\\Routing\\Router.php(729): Illuminate\\Routing\\Router->dispatchToRoute(Object(Illuminate\\Http\\Request))
#20 D:\\xampp\\htdocs\\ehs-backend\\vendor\\laravel\\framework\\src\\Illuminate\\Foundation\\Http\\Kernel.php(190): Illuminate\\Routing\\Router->dispatch(Object(Illuminate\\Http\\Request))
#21 D:\\xampp\\htdocs\\ehs-backend\\vendor\\laravel\\framework\\src\\Illuminate\\Pipeline\\Pipeline.php(141): Illuminate\\Foundation\\Http\\Kernel->Illuminate\\Foundation\\Http\\{closure}(Object(Illuminate\\Http\\Request))
#22 D:\\xampp\\htdocs\\ehs-backend\\vendor\\laravel\\framework\\src\\Illuminate\\Foundation\\Http\\Middleware\\TransformsRequest.php(21): Illuminate\\Pipeline\\Pipeline->Illuminate\\Pipeline\\{closure}(Object(Illuminate\\Http\\Request))
#23 D:\\xampp\\htdocs\\ehs-backend\\vendor\\laravel\\framework\\src\\Illuminate\\Foundation\\Http\\Middleware\\ConvertEmptyStringsToNull.php(31): Illuminate\\Foundation\\Http\\Middleware\\TransformsRequest->handle(Object(Illuminate\\Http\\Request), Object(Closure))
#24 D:\\xampp\\htdocs\\ehs-backend\\vendor\\laravel\\framework\\src\\Illuminate\\Pipeline\\Pipeline.php(180): Illuminate\\Foundation\\Http\\Middleware\\ConvertEmptyStringsToNull->handle(Object(Illuminate\\Http\\Request), Object(Closure))
#25 D:\\xampp\\htdocs\\ehs-backend\\vendor\\laravel\\framework\\src\\Illuminate\\Foundation\\Http\\Middleware\\TransformsRequest.php(21): Illuminate\\Pipeline\\Pipeline->Illuminate\\Pipeline\\{closure}(Object(Illuminate\\Http\\Request))
#26 D:\\xampp\\htdocs\\ehs-backend\\vendor\\laravel\\framework\\src\\Illuminate\\Foundation\\Http\\Middleware\\TrimStrings.php(40): Illuminate\\Foundation\\Http\\Middleware\\TransformsRequest->handle(Object(Illuminate\\Http\\Request), Object(Closure))
#27 D:\\xampp\\htdocs\\ehs-backend\\vendor\\laravel\\framework\\src\\Illuminate\\Pipeline\\Pipeline.php(180): Illuminate\\Foundation\\Http\\Middleware\\TrimStrings->handle(Object(Illuminate\\Http\\Request), Object(Closure))
#28 D:\\xampp\\htdocs\\ehs-backend\\vendor\\laravel\\framework\\src\\Illuminate\\Foundation\\Http\\Middleware\\ValidatePostSize.php(27): Illuminate\\Pipeline\\Pipeline->Illuminate\\Pipeline\\{closure}(Object(Illuminate\\Http\\Request))
#29 D:\\xampp\\htdocs\\ehs-backend\\vendor\\laravel\\framework\\src\\Illuminate\\Pipeline\\Pipeline.php(180): Illuminate\\Foundation\\Http\\Middleware\\ValidatePostSize->handle(Object(Illuminate\\Http\\Request), Object(Closure))
#30 D:\\xampp\\htdocs\\ehs-backend\\vendor\\laravel\\framework\\src\\Illuminate\\Foundation\\Http\\Middleware\\PreventRequestsDuringMaintenance.php(86): Illuminate\\Pipeline\\Pipeline->Illuminate\\Pipeline\\{closure}(Object(Illuminate\\Http\\Request))
#31 D:\\xampp\\htdocs\\ehs-backend\\vendor\\laravel\\framework\\src\\Illuminate\\Pipeline\\Pipeline.php(180): Illuminate\\Foundation\\Http\\Middleware\\PreventRequestsDuringMaintenance->handle(Object(Illuminate\\Http\\Request), Object(Closure))
#32 D:\\xampp\\htdocs\\ehs-backend\\vendor\\laravel\\framework\\src\\Illuminate\\Http\\Middleware\\HandleCors.php(62): Illuminate\\Pipeline\\Pipeline->Illuminate\\Pipeline\\{closure}(Object(Illuminate\\Http\\Request))
#33 D:\\xampp\\htdocs\\ehs-backend\\vendor\\laravel\\framework\\src\\Illuminate\\Pipeline\\Pipeline.php(180): Illuminate\\Http\\Middleware\\HandleCors->handle(Object(Illuminate\\Http\\Request), Object(Closure))
#34 D:\\xampp\\htdocs\\ehs-backend\\vendor\\laravel\\framework\\src\\Illuminate\\Http\\Middleware\\TrustProxies.php(39): Illuminate\\Pipeline\\Pipeline->Illuminate\\Pipeline\\{closure}(Object(Illuminate\\Http\\Request))
#35 D:\\xampp\\htdocs\\ehs-backend\\vendor\\laravel\\framework\\src\\Illuminate\\Pipeline\\Pipeline.php(180): Illuminate\\Http\\Middleware\\TrustProxies->handle(Object(Illuminate\\Http\\Request), Object(Closure))
#36 D:\\xampp\\htdocs\\ehs-backend\\vendor\\laravel\\framework\\src\\Illuminate\\Pipeline\\Pipeline.php(116): Illuminate\\Pipeline\\Pipeline->Illuminate\\Pipeline\\{closure}(Object(Illuminate\\Http\\Request))
#37 D:\\xampp\\htdocs\\ehs-backend\\vendor\\laravel\\framework\\src\\Illuminate\\Foundation\\Http\\Kernel.php(165): Illuminate\\Pipeline\\Pipeline->then(Object(Closure))
#38 D:\\xampp\\htdocs\\ehs-backend\\vendor\\laravel\\framework\\src\\Illuminate\\Foundation\\Http\\Kernel.php(134): Illuminate\\Foundation\\Http\\Kernel->sendRequestThroughRouter(Object(Illuminate\\Http\\Request))
#39 D:\\xampp\\htdocs\\ehs-backend\\public\\index.php(51): Illuminate\\Foundation\\Http\\Kernel->handle(Object(Illuminate\\Http\\Request))
#40 D:\\xampp\\htdocs\\ehs-backend\\vendor\\laravel\\framework\\src\\Illuminate\\Foundation\\resources\\server.php(16): require_once('D:\\\\xampp\\\\htdocs...')
#41 {main}

[previous exception] [object] (ReflectionException(code: -1): Class \"APP\\Http\\Controllers\\User\\StripeController\" does not exist at D:\\xampp\\htdocs\\ehs-backend\\vendor\\laravel\\framework\\src\\Illuminate\\Container\\Container.php:889)
[stacktrace]
#0 D:\\xampp\\htdocs\\ehs-backend\\vendor\\laravel\\framework\\src\\Illuminate\\Container\\Container.php(889): ReflectionClass->__construct('APP\\\\Http\\\\Contro...')
#1 D:\\xampp\\htdocs\\ehs-backend\\vendor\\laravel\\framework\\src\\Illuminate\\Container\\Container.php(770): Illuminate\\Container\\Container->build('APP\\\\Http\\\\Contro...')
#2 D:\\xampp\\htdocs\\ehs-backend\\vendor\\laravel\\framework\\src\\Illuminate\\Foundation\\Application.php(856): Illuminate\\Container\\Container->resolve('APP\\\\Http\\\\Contro...', Array, true)
#3 D:\\xampp\\htdocs\\ehs-backend\\vendor\\laravel\\framework\\src\\Illuminate\\Container\\Container.php(706): Illuminate\\Foundation\\Application->resolve('APP\\\\Http\\\\Contro...', Array)
#4 D:\\xampp\\htdocs\\ehs-backend\\vendor\\laravel\\framework\\src\\Illuminate\\Foundation\\Application.php(841): Illuminate\\Container\\Container->make('APP\\\\Http\\\\Contro...', Array)
#5 D:\\xampp\\htdocs\\ehs-backend\\vendor\\laravel\\framework\\src\\Illuminate\\Routing\\Route.php(274): Illuminate\\Foundation\\Application->make('APP\\\\Http\\\\Contro...')
#6 D:\\xampp\\htdocs\\ehs-backend\\vendor\\laravel\\framework\\src\\Illuminate\\Routing\\Route.php(260): Illuminate\\Routing\\Route->getController()
#7 D:\\xampp\\htdocs\\ehs-backend\\vendor\\laravel\\framework\\src\\Illuminate\\Routing\\Route.php(205): Illuminate\\Routing\\Route->runController()
#8 D:\\xampp\\htdocs\\ehs-backend\\vendor\\laravel\\framework\\src\\Illuminate\\Routing\\Router.php(798): Illuminate\\Routing\\Route->run()
#9 D:\\xampp\\htdocs\\ehs-backend\\vendor\\laravel\\framework\\src\\Illuminate\\Pipeline\\Pipeline.php(141): Illuminate\\Routing\\Router->Illuminate\\Routing\\{closure}(Object(Illuminate\\Http\\Request))
#10 D:\\xampp\\htdocs\\ehs-backend\\vendor\\laravel\\framework\\src\\Illuminate\\Routing\\Middleware\\SubstituteBindings.php(50): Illuminate\\Pipeline\\Pipeline->Illuminate\\Pipeline\\{closure}(Object(Illuminate\\Http\\Request))
#11 D:\\xampp\\htdocs\\ehs-backend\\vendor\\laravel\\framework\\src\\Illuminate\\Pipeline\\Pipeline.php(180): Illuminate\\Routing\\Middleware\\SubstituteBindings->handle(Object(Illuminate\\Http\\Request), Object(Closure))
#12 D:\\xampp\\htdocs\\ehs-backend\\vendor\\laravel\\framework\\src\\Illuminate\\Routing\\Middleware\\ThrottleRequests.php(126): Illuminate\\Pipeline\\Pipeline->Illuminate\\Pipeline\\{closure}(Object(Illuminate\\Http\\Request))
#13 D:\\xampp\\htdocs\\ehs-backend\\vendor\\laravel\\framework\\src\\Illuminate\\Routing\\Middleware\\ThrottleRequests.php(92): Illuminate\\Routing\\Middleware\\ThrottleRequests->handleRequest(Object(Illuminate\\Http\\Request), Object(Closure), Array)
#14 D:\\xampp\\htdocs\\ehs-backend\\vendor\\laravel\\framework\\src\\Illuminate\\Routing\\Middleware\\ThrottleRequests.php(54): Illuminate\\Routing\\Middleware\\ThrottleRequests->handleRequestUsingNamedLimiter(Object(Illuminate\\Http\\Request), Object(Closure), 'api', Object(Closure))
#15 D:\\xampp\\htdocs\\ehs-backend\\vendor\\laravel\\framework\\src\\Illuminate\\Pipeline\\Pipeline.php(180): Illuminate\\Routing\\Middleware\\ThrottleRequests->handle(Object(Illuminate\\Http\\Request), Object(Closure), 'api')
#16 D:\\xampp\\htdocs\\ehs-backend\\vendor\\laravel\\framework\\src\\Illuminate\\Pipeline\\Pipeline.php(116): Illuminate\\Pipeline\\Pipeline->Illuminate\\Pipeline\\{closure}(Object(Illuminate\\Http\\Request))
#17 D:\\xampp\\htdocs\\ehs-backend\\vendor\\laravel\\framework\\src\\Illuminate\\Routing\\Router.php(797): Illuminate\\Pipeline\\Pipeline->then(Object(Closure))
#18 D:\\xampp\\htdocs\\ehs-backend\\vendor\\laravel\\framework\\src\\Illuminate\\Routing\\Router.php(776): Illuminate\\Routing\\Router->runRouteWithinStack(Object(Illuminate\\Routing\\Route), Object(Illuminate\\Http\\Request))
#19 D:\\xampp\\htdocs\\ehs-backend\\vendor\\laravel\\framework\\src\\Illuminate\\Routing\\Router.php(740): Illuminate\\Routing\\Router->runRoute(Object(Illuminate\\Http\\Request), Object(Illuminate\\Routing\\Route))
#20 D:\\xampp\\htdocs\\ehs-backend\\vendor\\laravel\\framework\\src\\Illuminate\\Routing\\Router.php(729): Illuminate\\Routing\\Router->dispatchToRoute(Object(Illuminate\\Http\\Request))
#21 D:\\xampp\\htdocs\\ehs-backend\\vendor\\laravel\\framework\\src\\Illuminate\\Foundation\\Http\\Kernel.php(190): Illuminate\\Routing\\Router->dispatch(Object(Illuminate\\Http\\Request))
#22 D:\\xampp\\htdocs\\ehs-backend\\vendor\\laravel\\framework\\src\\Illuminate\\Pipeline\\Pipeline.php(141): Illuminate\\Foundation\\Http\\Kernel->Illuminate\\Foundation\\Http\\{closure}(Object(Illuminate\\Http\\Request))
#23 D:\\xampp\\htdocs\\ehs-backend\\vendor\\laravel\\framework\\src\\Illuminate\\Foundation\\Http\\Middleware\\TransformsRequest.php(21): Illuminate\\Pipeline\\Pipeline->Illuminate\\Pipeline\\{closure}(Object(Illuminate\\Http\\Request))
#24 D:\\xampp\\htdocs\\ehs-backend\\vendor\\laravel\\framework\\src\\Illuminate\\Foundation\\Http\\Middleware\\ConvertEmptyStringsToNull.php(31): Illuminate\\Foundation\\Http\\Middleware\\TransformsRequest->handle(Object(Illuminate\\Http\\Request), Object(Closure))
#25 D:\\xampp\\htdocs\\ehs-backend\\vendor\\laravel\\framework\\src\\Illuminate\\Pipeline\\Pipeline.php(180): Illuminate\\Foundation\\Http\\Middleware\\ConvertEmptyStringsToNull->handle(Object(Illuminate\\Http\\Request), Object(Closure))
#26 D:\\xampp\\htdocs\\ehs-backend\\vendor\\laravel\\framework\\src\\Illuminate\\Foundation\\Http\\Middleware\\TransformsRequest.php(21): Illuminate\\Pipeline\\Pipeline->Illuminate\\Pipeline\\{closure}(Object(Illuminate\\Http\\Request))
#27 D:\\xampp\\htdocs\\ehs-backend\\vendor\\laravel\\framework\\src\\Illuminate\\Foundation\\Http\\Middleware\\TrimStrings.php(40): Illuminate\\Foundation\\Http\\Middleware\\TransformsRequest->handle(Object(Illuminate\\Http\\Request), Object(Closure))
#28 D:\\xampp\\htdocs\\ehs-backend\\vendor\\laravel\\framework\\src\\Illuminate\\Pipeline\\Pipeline.php(180): Illuminate\\Foundation\\Http\\Middleware\\TrimStrings->handle(Object(Illuminate\\Http\\Request), Object(Closure))
#29 D:\\xampp\\htdocs\\ehs-backend\\vendor\\laravel\\framework\\src\\Illuminate\\Foundation\\Http\\Middleware\\ValidatePostSize.php(27): Illuminate\\Pipeline\\Pipeline->Illuminate\\Pipeline\\{closure}(Object(Illuminate\\Http\\Request))
#30 D:\\xampp\\htdocs\\ehs-backend\\vendor\\laravel\\framework\\src\\Illuminate\\Pipeline\\Pipeline.php(180): Illuminate\\Foundation\\Http\\Middleware\\ValidatePostSize->handle(Object(Illuminate\\Http\\Request), Object(Closure))
#31 D:\\xampp\\htdocs\\ehs-backend\\vendor\\laravel\\framework\\src\\Illuminate\\Foundation\\Http\\Middleware\\PreventRequestsDuringMaintenance.php(86): Illuminate\\Pipeline\\Pipeline->Illuminate\\Pipeline\\{closure}(Object(Illuminate\\Http\\Request))
#32 D:\\xampp\\htdocs\\ehs-backend\\vendor\\laravel\\framework\\src\\Illuminate\\Pipeline\\Pipeline.php(180): Illuminate\\Foundation\\Http\\Middleware\\PreventRequestsDuringMaintenance->handle(Object(Illuminate\\Http\\Request), Object(Closure))
#33 D:\\xampp\\htdocs\\ehs-backend\\vendor\\laravel\\framework\\src\\Illuminate\\Http\\Middleware\\HandleCors.php(62): Illuminate\\Pipeline\\Pipeline->Illuminate\\Pipeline\\{closure}(Object(Illuminate\\Http\\Request))
#34 D:\\xampp\\htdocs\\ehs-backend\\vendor\\laravel\\framework\\src\\Illuminate\\Pipeline\\Pipeline.php(180): Illuminate\\Http\\Middleware\\HandleCors->handle(Object(Illuminate\\Http\\Request), Object(Closure))
#35 D:\\xampp\\htdocs\\ehs-backend\\vendor\\laravel\\framework\\src\\Illuminate\\Http\\Middleware\\TrustProxies.php(39): Illuminate\\Pipeline\\Pipeline->Illuminate\\Pipeline\\{closure}(Object(Illuminate\\Http\\Request))
#36 D:\\xampp\\htdocs\\ehs-backend\\vendor\\laravel\\framework\\src\\Illuminate\\Pipeline\\Pipeline.php(180): Illuminate\\Http\\Middleware\\TrustProxies->handle(Object(Illuminate\\Http\\Request), Object(Closure))
#37 D:\\xampp\\htdocs\\ehs-backend\\vendor\\laravel\\framework\\src\\Illuminate\\Pipeline\\Pipeline.php(116): Illuminate\\Pipeline\\Pipeline->Illuminate\\Pipeline\\{closure}(Object(Illuminate\\Http\\Request))
#38 D:\\xampp\\htdocs\\ehs-backend\\vendor\\laravel\\framework\\src\\Illuminate\\Foundation\\Http\\Kernel.php(165): Illuminate\\Pipeline\\Pipeline->then(Object(Closure))
#39 D:\\xampp\\htdocs\\ehs-backend\\vendor\\laravel\\framework\\src\\Illuminate\\Foundation\\Http\\Kernel.php(134): Illuminate\\Foundation\\Http\\Kernel->sendRequestThroughRouter(Object(Illuminate\\Http\\Request))
#40 D:\\xampp\\htdocs\\ehs-backend\\public\\index.php(51): Illuminate\\Foundation\\Http\\Kernel->handle(Object(Illuminate\\Http\\Request))
#41 D:\\xampp\\htdocs\\ehs-backend\\vendor\\laravel\\framework\\src\\Illuminate\\Foundation\\resources\\server.php(16): require_once('D:\\\\xampp\\\\htdocs...')
#42 {main}
"} 
[2026-01-06 15:16:54] local.ERROR: Target class [APP\Http\Controllers\User\StripeController] does not exist. {"exception":"[object] (Illuminate\\Contracts\\Container\\BindingResolutionException(code: 0): Target class [APP\\Http\\Controllers\\User\\StripeController] does not exist. at D:\\xampp\\htdocs\\ehs-backend\\vendor\\laravel\\framework\\src\\Illuminate\\Container\\Container.php:891)
[stacktrace]
#0 D:\\xampp\\htdocs\\ehs-backend\\vendor\\laravel\\framework\\src\\Illuminate\\Container\\Container.php(770): Illuminate\\Container\\Container->build('APP\\\\Http\\\\Contro...')
#1 D:\\xampp\\htdocs\\ehs-backend\\vendor\\laravel\\framework\\src\\Illuminate\\Foundation\\Application.php(856): Illuminate\\Container\\Container->resolve('APP\\\\Http\\\\Contro...', Array, true)
#2 D:\\xampp\\htdocs\\ehs-backend\\vendor\\laravel\\framework\\src\\Illuminate\\Container\\Container.php(706): Illuminate\\Foundation\\Application->resolve('APP\\\\Http\\\\Contro...', Array)
#3 D:\\xampp\\htdocs\\ehs-backend\\vendor\\laravel\\framework\\src\\Illuminate\\Foundation\\Application.php(841): Illuminate\\Container\\Container->make('APP\\\\Http\\\\Contro...', Array)
#4 D:\\xampp\\htdocs\\ehs-backend\\vendor\\laravel\\framework\\src\\Illuminate\\Routing\\Route.php(274): Illuminate\\Foundation\\Application->make('APP\\\\Http\\\\Contro...')
#5 D:\\xampp\\htdocs\\ehs-backend\\vendor\\laravel\\framework\\src\\Illuminate\\Routing\\Route.php(260): Illuminate\\Routing\\Route->getController()
#6 D:\\xampp\\htdocs\\ehs-backend\\vendor\\laravel\\framework\\src\\Illuminate\\Routing\\Route.php(205): Illuminate\\Routing\\Route->runController()
#7 D:\\xampp\\htdocs\\ehs-backend\\vendor\\laravel\\framework\\src\\Illuminate\\Routing\\Router.php(798): Illuminate\\Routing\\Route->run()
#8 D:\\xampp\\htdocs\\ehs-backend\\vendor\\laravel\\framework\\src\\Illuminate\\Pipeline\\Pipeline.php(141): Illuminate\\Routing\\Router->Illuminate\\Routing\\{closure}(Object(Illuminate\\Http\\Request))
#9 D:\\xampp\\htdocs\\ehs-backend\\vendor\\laravel\\framework\\src\\Illuminate\\Routing\\Middleware\\SubstituteBindings.php(50): Illuminate\\Pipeline\\Pipeline->Illuminate\\Pipeline\\{closure}(Object(Illuminate\\Http\\Request))
#10 D:\\xampp\\htdocs\\ehs-backend\\vendor\\laravel\\framework\\src\\Illuminate\\Pipeline\\Pipeline.php(180): Illuminate\\Routing\\Middleware\\SubstituteBindings->handle(Object(Illuminate\\Http\\Request), Object(Closure))
#11 D:\\xampp\\htdocs\\ehs-backend\\vendor\\laravel\\framework\\src\\Illuminate\\Routing\\Middleware\\ThrottleRequests.php(126): Illuminate\\Pipeline\\Pipeline->Illuminate\\Pipeline\\{closure}(Object(Illuminate\\Http\\Request))
#12 D:\\xampp\\htdocs\\ehs-backend\\vendor\\laravel\\framework\\src\\Illuminate\\Routing\\Middleware\\ThrottleRequests.php(92): Illuminate\\Routing\\Middleware\\ThrottleRequests->handleRequest(Object(Illuminate\\Http\\Request), Object(Closure), Array)
#13 D:\\xampp\\htdocs\\ehs-backend\\vendor\\laravel\\framework\\src\\Illuminate\\Routing\\Middleware\\ThrottleRequests.php(54): Illuminate\\Routing\\Middleware\\ThrottleRequests->handleRequestUsingNamedLimiter(Object(Illuminate\\Http\\Request), Object(Closure), 'api', Object(Closure))
#14 D:\\xampp\\htdocs\\ehs-backend\\vendor\\laravel\\framework\\src\\Illuminate\\Pipeline\\Pipeline.php(180): Illuminate\\Routing\\Middleware\\ThrottleRequests->handle(Object(Illuminate\\Http\\Request), Object(Closure), 'api')
#15 D:\\xampp\\htdocs\\ehs-backend\\vendor\\laravel\\framework\\src\\Illuminate\\Pipeline\\Pipeline.php(116): Illuminate\\Pipeline\\Pipeline->Illuminate\\Pipeline\\{closure}(Object(Illuminate\\Http\\Request))
#16 D:\\xampp\\htdocs\\ehs-backend\\vendor\\laravel\\framework\\src\\Illuminate\\Routing\\Router.php(797): Illuminate\\Pipeline\\Pipeline->then(Object(Closure))
#17 D:\\xampp\\htdocs\\ehs-backend\\vendor\\laravel\\framework\\src\\Illuminate\\Routing\\Router.php(776): Illuminate\\Routing\\Router->runRouteWithinStack(Object(Illuminate\\Routing\\Route), Object(Illuminate\\Http\\Request))
#18 D:\\xampp\\htdocs\\ehs-backend\\vendor\\laravel\\framework\\src\\Illuminate\\Routing\\Router.php(740): Illuminate\\Routing\\Router->runRoute(Object(Illuminate\\Http\\Request), Object(Illuminate\\Routing\\Route))
#19 D:\\xampp\\htdocs\\ehs-backend\\vendor\\laravel\\framework\\src\\Illuminate\\Routing\\Router.php(729): Illuminate\\Routing\\Router->dispatchToRoute(Object(Illuminate\\Http\\Request))
#20 D:\\xampp\\htdocs\\ehs-backend\\vendor\\laravel\\framework\\src\\Illuminate\\Foundation\\Http\\Kernel.php(190): Illuminate\\Routing\\Router->dispatch(Object(Illuminate\\Http\\Request))
#21 D:\\xampp\\htdocs\\ehs-backend\\vendor\\laravel\\framework\\src\\Illuminate\\Pipeline\\Pipeline.php(141): Illuminate\\Foundation\\Http\\Kernel->Illuminate\\Foundation\\Http\\{closure}(Object(Illuminate\\Http\\Request))
#22 D:\\xampp\\htdocs\\ehs-backend\\vendor\\laravel\\framework\\src\\Illuminate\\Foundation\\Http\\Middleware\\TransformsRequest.php(21): Illuminate\\Pipeline\\Pipeline->Illuminate\\Pipeline\\{closure}(Object(Illuminate\\Http\\Request))
#23 D:\\xampp\\htdocs\\ehs-backend\\vendor\\laravel\\framework\\src\\Illuminate\\Foundation\\Http\\Middleware\\ConvertEmptyStringsToNull.php(31): Illuminate\\Foundation\\Http\\Middleware\\TransformsRequest->handle(Object(Illuminate\\Http\\Request), Object(Closure))
#24 D:\\xampp\\htdocs\\ehs-backend\\vendor\\laravel\\framework\\src\\Illuminate\\Pipeline\\Pipeline.php(180): Illuminate\\Foundation\\Http\\Middleware\\ConvertEmptyStringsToNull->handle(Object(Illuminate\\Http\\Request), Object(Closure))
#25 D:\\xampp\\htdocs\\ehs-backend\\vendor\\laravel\\framework\\src\\Illuminate\\Foundation\\Http\\Middleware\\TransformsRequest.php(21): Illuminate\\Pipeline\\Pipeline->Illuminate\\Pipeline\\{closure}(Object(Illuminate\\Http\\Request))
#26 D:\\xampp\\htdocs\\ehs-backend\\vendor\\laravel\\framework\\src\\Illuminate\\Foundation\\Http\\Middleware\\TrimStrings.php(40): Illuminate\\Foundation\\Http\\Middleware\\TransformsRequest->handle(Object(Illuminate\\Http\\Request), Object(Closure))
#27 D:\\xampp\\htdocs\\ehs-backend\\vendor\\laravel\\framework\\src\\Illuminate\\Pipeline\\Pipeline.php(180): Illuminate\\Foundation\\Http\\Middleware\\TrimStrings->handle(Object(Illuminate\\Http\\Request), Object(Closure))
#28 D:\\xampp\\htdocs\\ehs-backend\\vendor\\laravel\\framework\\src\\Illuminate\\Foundation\\Http\\Middleware\\ValidatePostSize.php(27): Illuminate\\Pipeline\\Pipeline->Illuminate\\Pipeline\\{closure}(Object(Illuminate\\Http\\Request))
#29 D:\\xampp\\htdocs\\ehs-backend\\vendor\\laravel\\framework\\src\\Illuminate\\Pipeline\\Pipeline.php(180): Illuminate\\Foundation\\Http\\Middleware\\ValidatePostSize->handle(Object(Illuminate\\Http\\Request), Object(Closure))
#30 D:\\xampp\\htdocs\\ehs-backend\\vendor\\laravel\\framework\\src\\Illuminate\\Foundation\\Http\\Middleware\\PreventRequestsDuringMaintenance.php(86): Illuminate\\Pipeline\\Pipeline->Illuminate\\Pipeline\\{closure}(Object(Illuminate\\Http\\Request))
#31 D:\\xampp\\htdocs\\ehs-backend\\vendor\\laravel\\framework\\src\\Illuminate\\Pipeline\\Pipeline.php(180): Illuminate\\Foundation\\Http\\Middleware\\PreventRequestsDuringMaintenance->handle(Object(Illuminate\\Http\\Request), Object(Closure))
#32 D:\\xampp\\htdocs\\ehs-backend\\vendor\\laravel\\framework\\src\\Illuminate\\Http\\Middleware\\HandleCors.php(62): Illuminate\\Pipeline\\Pipeline->Illuminate\\Pipeline\\{closure}(Object(Illuminate\\Http\\Request))
#33 D:\\xampp\\htdocs\\ehs-backend\\vendor\\laravel\\framework\\src\\Illuminate\\Pipeline\\Pipeline.php(180): Illuminate\\Http\\Middleware\\HandleCors->handle(Object(Illuminate\\Http\\Request), Object(Closure))
#34 D:\\xampp\\htdocs\\ehs-backend\\vendor\\laravel\\framework\\src\\Illuminate\\Http\\Middleware\\TrustProxies.php(39): Illuminate\\Pipeline\\Pipeline->Illuminate\\Pipeline\\{closure}(Object(Illuminate\\Http\\Request))
#35 D:\\xampp\\htdocs\\ehs-backend\\vendor\\laravel\\framework\\src\\Illuminate\\Pipeline\\Pipeline.php(180): Illuminate\\Http\\Middleware\\TrustProxies->handle(Object(Illuminate\\Http\\Request), Object(Closure))
#36 D:\\xampp\\htdocs\\ehs-backend\\vendor\\laravel\\framework\\src\\Illuminate\\Pipeline\\Pipeline.php(116): Illuminate\\Pipeline\\Pipeline->Illuminate\\Pipeline\\{closure}(Object(Illuminate\\Http\\Request))
#37 D:\\xampp\\htdocs\\ehs-backend\\vendor\\laravel\\framework\\src\\Illuminate\\Foundation\\Http\\Kernel.php(165): Illuminate\\Pipeline\\Pipeline->then(Object(Closure))
#38 D:\\xampp\\htdocs\\ehs-backend\\vendor\\laravel\\framework\\src\\Illuminate\\Foundation\\Http\\Kernel.php(134): Illuminate\\Foundation\\Http\\Kernel->sendRequestThroughRouter(Object(Illuminate\\Http\\Request))
#39 D:\\xampp\\htdocs\\ehs-backend\\public\\index.php(51): Illuminate\\Foundation\\Http\\Kernel->handle(Object(Illuminate\\Http\\Request))
#40 D:\\xampp\\htdocs\\ehs-backend\\vendor\\laravel\\framework\\src\\Illuminate\\Foundation\\resources\\server.php(16): require_once('D:\\\\xampp\\\\htdocs...')
#41 {main}

[previous exception] [object] (ReflectionException(code: -1): Class \"APP\\Http\\Controllers\\User\\StripeController\" does not exist at D:\\xampp\\htdocs\\ehs-backend\\vendor\\laravel\\framework\\src\\Illuminate\\Container\\Container.php:889)
[stacktrace]
#0 D:\\xampp\\htdocs\\ehs-backend\\vendor\\laravel\\framework\\src\\Illuminate\\Container\\Container.php(889): ReflectionClass->__construct('APP\\\\Http\\\\Contro...')
#1 D:\\xampp\\htdocs\\ehs-backend\\vendor\\laravel\\framework\\src\\Illuminate\\Container\\Container.php(770): Illuminate\\Container\\Container->build('APP\\\\Http\\\\Contro...')
#2 D:\\xampp\\htdocs\\ehs-backend\\vendor\\laravel\\framework\\src\\Illuminate\\Foundation\\Application.php(856): Illuminate\\Container\\Container->resolve('APP\\\\Http\\\\Contro...', Array, true)
#3 D:\\xampp\\htdocs\\ehs-backend\\vendor\\laravel\\framework\\src\\Illuminate\\Container\\Container.php(706): Illuminate\\Foundation\\Application->resolve('APP\\\\Http\\\\Contro...', Array)
#4 D:\\xampp\\htdocs\\ehs-backend\\vendor\\laravel\\framework\\src\\Illuminate\\Foundation\\Application.php(841): Illuminate\\Container\\Container->make('APP\\\\Http\\\\Contro...', Array)
#5 D:\\xampp\\htdocs\\ehs-backend\\vendor\\laravel\\framework\\src\\Illuminate\\Routing\\Route.php(274): Illuminate\\Foundation\\Application->make('APP\\\\Http\\\\Contro...')
#6 D:\\xampp\\htdocs\\ehs-backend\\vendor\\laravel\\framework\\src\\Illuminate\\Routing\\Route.php(260): Illuminate\\Routing\\Route->getController()
#7 D:\\xampp\\htdocs\\ehs-backend\\vendor\\laravel\\framework\\src\\Illuminate\\Routing\\Route.php(205): Illuminate\\Routing\\Route->runController()
#8 D:\\xampp\\htdocs\\ehs-backend\\vendor\\laravel\\framework\\src\\Illuminate\\Routing\\Router.php(798): Illuminate\\Routing\\Route->run()
#9 D:\\xampp\\htdocs\\ehs-backend\\vendor\\laravel\\framework\\src\\Illuminate\\Pipeline\\Pipeline.php(141): Illuminate\\Routing\\Router->Illuminate\\Routing\\{closure}(Object(Illuminate\\Http\\Request))
#10 D:\\xampp\\htdocs\\ehs-backend\\vendor\\laravel\\framework\\src\\Illuminate\\Routing\\Middleware\\SubstituteBindings.php(50): Illuminate\\Pipeline\\Pipeline->Illuminate\\Pipeline\\{closure}(Object(Illuminate\\Http\\Request))
#11 D:\\xampp\\htdocs\\ehs-backend\\vendor\\laravel\\framework\\src\\Illuminate\\Pipeline\\Pipeline.php(180): Illuminate\\Routing\\Middleware\\SubstituteBindings->handle(Object(Illuminate\\Http\\Request), Object(Closure))
#12 D:\\xampp\\htdocs\\ehs-backend\\vendor\\laravel\\framework\\src\\Illuminate\\Routing\\Middleware\\ThrottleRequests.php(126): Illuminate\\Pipeline\\Pipeline->Illuminate\\Pipeline\\{closure}(Object(Illuminate\\Http\\Request))
#13 D:\\xampp\\htdocs\\ehs-backend\\vendor\\laravel\\framework\\src\\Illuminate\\Routing\\Middleware\\ThrottleRequests.php(92): Illuminate\\Routing\\Middleware\\ThrottleRequests->handleRequest(Object(Illuminate\\Http\\Request), Object(Closure), Array)
#14 D:\\xampp\\htdocs\\ehs-backend\\vendor\\laravel\\framework\\src\\Illuminate\\Routing\\Middleware\\ThrottleRequests.php(54): Illuminate\\Routing\\Middleware\\ThrottleRequests->handleRequestUsingNamedLimiter(Object(Illuminate\\Http\\Request), Object(Closure), 'api', Object(Closure))
#15 D:\\xampp\\htdocs\\ehs-backend\\vendor\\laravel\\framework\\src\\Illuminate\\Pipeline\\Pipeline.php(180): Illuminate\\Routing\\Middleware\\ThrottleRequests->handle(Object(Illuminate\\Http\\Request), Object(Closure), 'api')
#16 D:\\xampp\\htdocs\\ehs-backend\\vendor\\laravel\\framework\\src\\Illuminate\\Pipeline\\Pipeline.php(116): Illuminate\\Pipeline\\Pipeline->Illuminate\\Pipeline\\{closure}(Object(Illuminate\\Http\\Request))
#17 D:\\xampp\\htdocs\\ehs-backend\\vendor\\laravel\\framework\\src\\Illuminate\\Routing\\Router.php(797): Illuminate\\Pipeline\\Pipeline->then(Object(Closure))
#18 D:\\xampp\\htdocs\\ehs-backend\\vendor\\laravel\\framework\\src\\Illuminate\\Routing\\Router.php(776): Illuminate\\Routing\\Router->runRouteWithinStack(Object(Illuminate\\Routing\\Route), Object(Illuminate\\Http\\Request))
#19 D:\\xampp\\htdocs\\ehs-backend\\vendor\\laravel\\framework\\src\\Illuminate\\Routing\\Router.php(740): Illuminate\\Routing\\Router->runRoute(Object(Illuminate\\Http\\Request), Object(Illuminate\\Routing\\Route))
#20 D:\\xampp\\htdocs\\ehs-backend\\vendor\\laravel\\framework\\src\\Illuminate\\Routing\\Router.php(729): Illuminate\\Routing\\Router->dispatchToRoute(Object(Illuminate\\Http\\Request))
#21 D:\\xampp\\htdocs\\ehs-backend\\vendor\\laravel\\framework\\src\\Illuminate\\Foundation\\Http\\Kernel.php(190): Illuminate\\Routing\\Router->dispatch(Object(Illuminate\\Http\\Request))
#22 D:\\xampp\\htdocs\\ehs-backend\\vendor\\laravel\\framework\\src\\Illuminate\\Pipeline\\Pipeline.php(141): Illuminate\\Foundation\\Http\\Kernel->Illuminate\\Foundation\\Http\\{closure}(Object(Illuminate\\Http\\Request))
#23 D:\\xampp\\htdocs\\ehs-backend\\vendor\\laravel\\framework\\src\\Illuminate\\Foundation\\Http\\Middleware\\TransformsRequest.php(21): Illuminate\\Pipeline\\Pipeline->Illuminate\\Pipeline\\{closure}(Object(Illuminate\\Http\\Request))
#24 D:\\xampp\\htdocs\\ehs-backend\\vendor\\laravel\\framework\\src\\Illuminate\\Foundation\\Http\\Middleware\\ConvertEmptyStringsToNull.php(31): Illuminate\\Foundation\\Http\\Middleware\\TransformsRequest->handle(Object(Illuminate\\Http\\Request), Object(Closure))
#25 D:\\xampp\\htdocs\\ehs-backend\\vendor\\laravel\\framework\\src\\Illuminate\\Pipeline\\Pipeline.php(180): Illuminate\\Foundation\\Http\\Middleware\\ConvertEmptyStringsToNull->handle(Object(Illuminate\\Http\\Request), Object(Closure))
#26 D:\\xampp\\htdocs\\ehs-backend\\vendor\\laravel\\framework\\src\\Illuminate\\Foundation\\Http\\Middleware\\TransformsRequest.php(21): Illuminate\\Pipeline\\Pipeline->Illuminate\\Pipeline\\{closure}(Object(Illuminate\\Http\\Request))
#27 D:\\xampp\\htdocs\\ehs-backend\\vendor\\laravel\\framework\\src\\Illuminate\\Foundation\\Http\\Middleware\\TrimStrings.php(40): Illuminate\\Foundation\\Http\\Middleware\\TransformsRequest->handle(Object(Illuminate\\Http\\Request), Object(Closure))
#28 D:\\xampp\\htdocs\\ehs-backend\\vendor\\laravel\\framework\\src\\Illuminate\\Pipeline\\Pipeline.php(180): Illuminate\\Foundation\\Http\\Middleware\\TrimStrings->handle(Object(Illuminate\\Http\\Request), Object(Closure))
#29 D:\\xampp\\htdocs\\ehs-backend\\vendor\\laravel\\framework\\src\\Illuminate\\Foundation\\Http\\Middleware\\ValidatePostSize.php(27): Illuminate\\Pipeline\\Pipeline->Illuminate\\Pipeline\\{closure}(Object(Illuminate\\Http\\Request))
#30 D:\\xampp\\htdocs\\ehs-backend\\vendor\\laravel\\framework\\src\\Illuminate\\Pipeline\\Pipeline.php(180): Illuminate\\Foundation\\Http\\Middleware\\ValidatePostSize->handle(Object(Illuminate\\Http\\Request), Object(Closure))
#31 D:\\xampp\\htdocs\\ehs-backend\\vendor\\laravel\\framework\\src\\Illuminate\\Foundation\\Http\\Middleware\\PreventRequestsDuringMaintenance.php(86): Illuminate\\Pipeline\\Pipeline->Illuminate\\Pipeline\\{closure}(Object(Illuminate\\Http\\Request))
#32 D:\\xampp\\htdocs\\ehs-backend\\vendor\\laravel\\framework\\src\\Illuminate\\Pipeline\\Pipeline.php(180): Illuminate\\Foundation\\Http\\Middleware\\PreventRequestsDuringMaintenance->handle(Object(Illuminate\\Http\\Request), Object(Closure))
#33 D:\\xampp\\htdocs\\ehs-backend\\vendor\\laravel\\framework\\src\\Illuminate\\Http\\Middleware\\HandleCors.php(62): Illuminate\\Pipeline\\Pipeline->Illuminate\\Pipeline\\{closure}(Object(Illuminate\\Http\\Request))
#34 D:\\xampp\\htdocs\\ehs-backend\\vendor\\laravel\\framework\\src\\Illuminate\\Pipeline\\Pipeline.php(180): Illuminate\\Http\\Middleware\\HandleCors->handle(Object(Illuminate\\Http\\Request), Object(Closure))
#35 D:\\xampp\\htdocs\\ehs-backend\\vendor\\laravel\\framework\\src\\Illuminate\\Http\\Middleware\\TrustProxies.php(39): Illuminate\\Pipeline\\Pipeline->Illuminate\\Pipeline\\{closure}(Object(Illuminate\\Http\\Request))
#36 D:\\xampp\\htdocs\\ehs-backend\\vendor\\laravel\\framework\\src\\Illuminate\\Pipeline\\Pipeline.php(180): Illuminate\\Http\\Middleware\\TrustProxies->handle(Object(Illuminate\\Http\\Request), Object(Closure))
#37 D:\\xampp\\htdocs\\ehs-backend\\vendor\\laravel\\framework\\src\\Illuminate\\Pipeline\\Pipeline.php(116): Illuminate\\Pipeline\\Pipeline->Illuminate\\Pipeline\\{closure}(Object(Illuminate\\Http\\Request))
#38 D:\\xampp\\htdocs\\ehs-backend\\vendor\\laravel\\framework\\src\\Illuminate\\Foundation\\Http\\Kernel.php(165): Illuminate\\Pipeline\\Pipeline->then(Object(Closure))
#39 D:\\xampp\\htdocs\\ehs-backend\\vendor\\laravel\\framework\\src\\Illuminate\\Foundation\\Http\\Kernel.php(134): Illuminate\\Foundation\\Http\\Kernel->sendRequestThroughRouter(Object(Illuminate\\Http\\Request))
#40 D:\\xampp\\htdocs\\ehs-backend\\public\\index.php(51): Illuminate\\Foundation\\Http\\Kernel->handle(Object(Illuminate\\Http\\Request))
#41 D:\\xampp\\htdocs\\ehs-backend\\vendor\\laravel\\framework\\src\\Illuminate\\Foundation\\resources\\server.php(16): require_once('D:\\\\xampp\\\\htdocs...')
#42 {main}
"} 
[2026-01-06 15:20:29] local.ERROR: Class "App\Http\Controllers\User\Controller" not found {"exception":"[object] (Error(code: 0): Class \"App\\Http\\Controllers\\User\\Controller\" not found at D:\\xampp\\htdocs\\ehs-backend\\app\\Http\\Controllers\\User\\StripeController.php:9)
[stacktrace]
#0 D:\\xampp\\htdocs\\ehs-backend\\vendor\\composer\\ClassLoader.php(576): include()
#1 D:\\xampp\\htdocs\\ehs-backend\\vendor\\composer\\ClassLoader.php(427): Composer\\Autoload\\{closure}('D:\\\\xampp\\\\htdocs...')
#2 [internal function]: Composer\\Autoload\\ClassLoader->loadClass('App\\\\Http\\\\Contro...')
#3 D:\\xampp\\htdocs\\ehs-backend\\vendor\\laravel\\framework\\src\\Illuminate\\Routing\\Route.php(1091): is_a('App\\\\Http\\\\Contro...', 'Illuminate\\\\Rout...', true)
#4 D:\\xampp\\htdocs\\ehs-backend\\vendor\\laravel\\framework\\src\\Illuminate\\Routing\\Route.php(1030): Illuminate\\Routing\\Route->controllerMiddleware()
#5 D:\\xampp\\htdocs\\ehs-backend\\vendor\\laravel\\framework\\src\\Illuminate\\Routing\\Router.php(810): Illuminate\\Routing\\Route->gatherMiddleware()
#6 D:\\xampp\\htdocs\\ehs-backend\\vendor\\laravel\\framework\\src\\Illuminate\\Routing\\Router.php(792): Illuminate\\Routing\\Router->gatherRouteMiddleware(Object(Illuminate\\Routing\\Route))
#7 D:\\xampp\\htdocs\\ehs-backend\\vendor\\laravel\\framework\\src\\Illuminate\\Routing\\Router.php(776): Illuminate\\Routing\\Router->runRouteWithinStack(Object(Illuminate\\Routing\\Route), Object(Illuminate\\Http\\Request))
#8 D:\\xampp\\htdocs\\ehs-backend\\vendor\\laravel\\framework\\src\\Illuminate\\Routing\\Router.php(740): Illuminate\\Routing\\Router->runRoute(Object(Illuminate\\Http\\Request), Object(Illuminate\\Routing\\Route))
#9 D:\\xampp\\htdocs\\ehs-backend\\vendor\\laravel\\framework\\src\\Illuminate\\Routing\\Router.php(729): Illuminate\\Routing\\Router->dispatchToRoute(Object(Illuminate\\Http\\Request))
#10 D:\\xampp\\htdocs\\ehs-backend\\vendor\\laravel\\framework\\src\\Illuminate\\Foundation\\Http\\Kernel.php(190): Illuminate\\Routing\\Router->dispatch(Object(Illuminate\\Http\\Request))
#11 D:\\xampp\\htdocs\\ehs-backend\\vendor\\laravel\\framework\\src\\Illuminate\\Pipeline\\Pipeline.php(141): Illuminate\\Foundation\\Http\\Kernel->Illuminate\\Foundation\\Http\\{closure}(Object(Illuminate\\Http\\Request))
#12 D:\\xampp\\htdocs\\ehs-backend\\vendor\\laravel\\framework\\src\\Illuminate\\Foundation\\Http\\Middleware\\TransformsRequest.php(21): Illuminate\\Pipeline\\Pipeline->Illuminate\\Pipeline\\{closure}(Object(Illuminate\\Http\\Request))
#13 D:\\xampp\\htdocs\\ehs-backend\\vendor\\laravel\\framework\\src\\Illuminate\\Foundation\\Http\\Middleware\\ConvertEmptyStringsToNull.php(31): Illuminate\\Foundation\\Http\\Middleware\\TransformsRequest->handle(Object(Illuminate\\Http\\Request), Object(Closure))
#14 D:\\xampp\\htdocs\\ehs-backend\\vendor\\laravel\\framework\\src\\Illuminate\\Pipeline\\Pipeline.php(180): Illuminate\\Foundation\\Http\\Middleware\\ConvertEmptyStringsToNull->handle(Object(Illuminate\\Http\\Request), Object(Closure))
#15 D:\\xampp\\htdocs\\ehs-backend\\vendor\\laravel\\framework\\src\\Illuminate\\Foundation\\Http\\Middleware\\TransformsRequest.php(21): Illuminate\\Pipeline\\Pipeline->Illuminate\\Pipeline\\{closure}(Object(Illuminate\\Http\\Request))
#16 D:\\xampp\\htdocs\\ehs-backend\\vendor\\laravel\\framework\\src\\Illuminate\\Foundation\\Http\\Middleware\\TrimStrings.php(40): Illuminate\\Foundation\\Http\\Middleware\\TransformsRequest->handle(Object(Illuminate\\Http\\Request), Object(Closure))
#17 D:\\xampp\\htdocs\\ehs-backend\\vendor\\laravel\\framework\\src\\Illuminate\\Pipeline\\Pipeline.php(180): Illuminate\\Foundation\\Http\\Middleware\\TrimStrings->handle(Object(Illuminate\\Http\\Request), Object(Closure))
#18 D:\\xampp\\htdocs\\ehs-backend\\vendor\\laravel\\framework\\src\\Illuminate\\Foundation\\Http\\Middleware\\ValidatePostSize.php(27): Illuminate\\Pipeline\\Pipeline->Illuminate\\Pipeline\\{closure}(Object(Illuminate\\Http\\Request))
#19 D:\\xampp\\htdocs\\ehs-backend\\vendor\\laravel\\framework\\src\\Illuminate\\Pipeline\\Pipeline.php(180): Illuminate\\Foundation\\Http\\Middleware\\ValidatePostSize->handle(Object(Illuminate\\Http\\Request), Object(Closure))
#20 D:\\xampp\\htdocs\\ehs-backend\\vendor\\laravel\\framework\\src\\Illuminate\\Foundation\\Http\\Middleware\\PreventRequestsDuringMaintenance.php(86): Illuminate\\Pipeline\\Pipeline->Illuminate\\Pipeline\\{closure}(Object(Illuminate\\Http\\Request))
#21 D:\\xampp\\htdocs\\ehs-backend\\vendor\\laravel\\framework\\src\\Illuminate\\Pipeline\\Pipeline.php(180): Illuminate\\Foundation\\Http\\Middleware\\PreventRequestsDuringMaintenance->handle(Object(Illuminate\\Http\\Request), Object(Closure))
#22 D:\\xampp\\htdocs\\ehs-backend\\vendor\\laravel\\framework\\src\\Illuminate\\Http\\Middleware\\HandleCors.php(62): Illuminate\\Pipeline\\Pipeline->Illuminate\\Pipeline\\{closure}(Object(Illuminate\\Http\\Request))
#23 D:\\xampp\\htdocs\\ehs-backend\\vendor\\laravel\\framework\\src\\Illuminate\\Pipeline\\Pipeline.php(180): Illuminate\\Http\\Middleware\\HandleCors->handle(Object(Illuminate\\Http\\Request), Object(Closure))
#24 D:\\xampp\\htdocs\\ehs-backend\\vendor\\laravel\\framework\\src\\Illuminate\\Http\\Middleware\\TrustProxies.php(39): Illuminate\\Pipeline\\Pipeline->Illuminate\\Pipeline\\{closure}(Object(Illuminate\\Http\\Request))
#25 D:\\xampp\\htdocs\\ehs-backend\\vendor\\laravel\\framework\\src\\Illuminate\\Pipeline\\Pipeline.php(180): Illuminate\\Http\\Middleware\\TrustProxies->handle(Object(Illuminate\\Http\\Request), Object(Closure))
#26 D:\\xampp\\htdocs\\ehs-backend\\vendor\\laravel\\framework\\src\\Illuminate\\Pipeline\\Pipeline.php(116): Illuminate\\Pipeline\\Pipeline->Illuminate\\Pipeline\\{closure}(Object(Illuminate\\Http\\Request))
#27 D:\\xampp\\htdocs\\ehs-backend\\vendor\\laravel\\framework\\src\\Illuminate\\Foundation\\Http\\Kernel.php(165): Illuminate\\Pipeline\\Pipeline->then(Object(Closure))
#28 D:\\xampp\\htdocs\\ehs-backend\\vendor\\laravel\\framework\\src\\Illuminate\\Foundation\\Http\\Kernel.php(134): Illuminate\\Foundation\\Http\\Kernel->sendRequestThroughRouter(Object(Illuminate\\Http\\Request))
#29 D:\\xampp\\htdocs\\ehs-backend\\public\\index.php(51): Illuminate\\Foundation\\Http\\Kernel->handle(Object(Illuminate\\Http\\Request))
#30 D:\\xampp\\htdocs\\ehs-backend\\vendor\\laravel\\framework\\src\\Illuminate\\Foundation\\resources\\server.php(16): require_once('D:\\\\xampp\\\\htdocs...')
#31 {main}
"} 
[2026-01-06 17:02:24] local.ERROR: Non EHS Attendee  
[2026-01-06 17:02:24] local.ERROR:   
[2026-01-06 17:02:24] local.ERROR: 1  
[2026-01-06 17:02:24] local.ERROR: InvalidArgumentException: Please provide a valid cache path. in D:\xampp\htdocs\ehs-backend\vendor\laravel\framework\src\Illuminate\View\Compilers\Compiler.php:66
Stack trace:
#0 D:\xampp\htdocs\ehs-backend\vendor\laravel\framework\src\Illuminate\View\ViewServiceProvider.php(96): Illuminate\View\Compilers\Compiler->__construct(Object(Illuminate\Filesystem\Filesystem), false, '', true, 'php')
#1 D:\xampp\htdocs\ehs-backend\vendor\laravel\framework\src\Illuminate\Container\Container.php(885): Illuminate\View\ViewServiceProvider->Illuminate\View\{closure}(Object(Illuminate\Foundation\Application), Array)
#2 D:\xampp\htdocs\ehs-backend\vendor\laravel\framework\src\Illuminate\Container\Container.php(770): Illuminate\Container\Container->build(Object(Closure))
#3 D:\xampp\htdocs\ehs-backend\vendor\laravel\framework\src\Illuminate\Foundation\Application.php(856): Illuminate\Container\Container->resolve('blade.compiler', Array, true)
#4 D:\xampp\htdocs\ehs-backend\vendor\laravel\framework\src\Illuminate\Container\Container.php(706): Illuminate\Foundation\Application->resolve('blade.compiler', Array)
#5 D:\xampp\htdocs\ehs-backend\vendor\laravel\framework\src\Illuminate\Foundation\Application.php(841): Illuminate\Container\Container->make('blade.compiler', Array)
#6 D:\xampp\htdocs\ehs-backend\vendor\laravel\framework\src\Illuminate\Container\Container.php(1431): Illuminate\Foundation\Application->make('blade.compiler')
#7 D:\xampp\htdocs\ehs-backend\vendor\laravel\framework\src\Illuminate\View\ViewServiceProvider.php(164): Illuminate\Container\Container->offsetGet('blade.compiler')
#8 [internal function]: Illuminate\View\ViewServiceProvider->Illuminate\View\{closure}()
#9 D:\xampp\htdocs\ehs-backend\vendor\laravel\framework\src\Illuminate\View\Engines\EngineResolver.php(55): call_user_func(Object(Closure))
#10 D:\xampp\htdocs\ehs-backend\vendor\laravel\framework\src\Illuminate\View\Factory.php(310): Illuminate\View\Engines\EngineResolver->resolve('blade')
#11 D:\xampp\htdocs\ehs-backend\vendor\laravel\framework\src\Illuminate\View\Factory.php(274): Illuminate\View\Factory->getEngineFromPath('D:\\xampp\\htdocs...')
#12 D:\xampp\htdocs\ehs-backend\vendor\laravel\framework\src\Illuminate\View\Factory.php(146): Illuminate\View\Factory->viewInstance('thanks_external', 'D:\\xampp\\htdocs...', Array)
#13 D:\xampp\htdocs\ehs-backend\vendor\laravel\framework\src\Illuminate\Foundation\helpers.php(1035): Illuminate\View\Factory->make('thanks_external', Array, Array)
#14 D:\xampp\htdocs\ehs-backend\app\Helper\_EmailHelper.php(48): view('thanks_external', Array)
#15 D:\xampp\htdocs\ehs-backend\app\Http\Controllers\User\UserController.php(227): App\Helper\_EmailHelper::sendEmail(Object(App\Models\User), Array, 'thanks_external', 'Thank you for r...')
#16 D:\xampp\htdocs\ehs-backend\vendor\laravel\framework\src\Illuminate\Routing\Controller.php(54): App\Http\Controllers\User\UserController->store(Object(Illuminate\Http\Request))
#17 D:\xampp\htdocs\ehs-backend\vendor\laravel\framework\src\Illuminate\Routing\ControllerDispatcher.php(43): Illuminate\Routing\Controller->callAction('store', Array)
#18 D:\xampp\htdocs\ehs-backend\vendor\laravel\framework\src\Illuminate\Routing\Route.php(259): Illuminate\Routing\ControllerDispatcher->dispatch(Object(Illuminate\Routing\Route), Object(App\Http\Controllers\User\UserController), 'store')
#19 D:\xampp\htdocs\ehs-backend\vendor\laravel\framework\src\Illuminate\Routing\Route.php(205): Illuminate\Routing\Route->runController()
#20 D:\xampp\htdocs\ehs-backend\vendor\laravel\framework\src\Illuminate\Routing\Router.php(798): Illuminate\Routing\Route->run()
#21 D:\xampp\htdocs\ehs-backend\vendor\laravel\framework\src\Illuminate\Pipeline\Pipeline.php(141): Illuminate\Routing\Router->Illuminate\Routing\{closure}(Object(Illuminate\Http\Request))
#22 D:\xampp\htdocs\ehs-backend\vendor\laravel\framework\src\Illuminate\Routing\Middleware\SubstituteBindings.php(50): Illuminate\Pipeline\Pipeline->Illuminate\Pipeline\{closure}(Object(Illuminate\Http\Request))
#23 D:\xampp\htdocs\ehs-backend\vendor\laravel\framework\src\Illuminate\Pipeline\Pipeline.php(180): Illuminate\Routing\Middleware\SubstituteBindings->handle(Object(Illuminate\Http\Request), Object(Closure))
#24 D:\xampp\htdocs\ehs-backend\vendor\laravel\framework\src\Illuminate\Routing\Middleware\ThrottleRequests.php(126): Illuminate\Pipeline\Pipeline->Illuminate\Pipeline\{closure}(Object(Illuminate\Http\Request))
#25 D:\xampp\htdocs\ehs-backend\vendor\laravel\framework\src\Illuminate\Routing\Middleware\ThrottleRequests.php(92): Illuminate\Routing\Middleware\ThrottleRequests->handleRequest(Object(Illuminate\Http\Request), Object(Closure), Array)
#26 D:\xampp\htdocs\ehs-backend\vendor\laravel\framework\src\Illuminate\Routing\Middleware\ThrottleRequests.php(54): Illuminate\Routing\Middleware\ThrottleRequests->handleRequestUsingNamedLimiter(Object(Illuminate\Http\Request), Object(Closure), 'api', Object(Closure))
#27 D:\xampp\htdocs\ehs-backend\vendor\laravel\framework\src\Illuminate\Pipeline\Pipeline.php(180): Illuminate\Routing\Middleware\ThrottleRequests->handle(Object(Illuminate\Http\Request), Object(Closure), 'api')
#28 D:\xampp\htdocs\ehs-backend\vendor\laravel\framework\src\Illuminate\Pipeline\Pipeline.php(116): Illuminate\Pipeline\Pipeline->Illuminate\Pipeline\{closure}(Object(Illuminate\Http\Request))
#29 D:\xampp\htdocs\ehs-backend\vendor\laravel\framework\src\Illuminate\Routing\Router.php(797): Illuminate\Pipeline\Pipeline->then(Object(Closure))
#30 D:\xampp\htdocs\ehs-backend\vendor\laravel\framework\src\Illuminate\Routing\Router.php(776): Illuminate\Routing\Router->runRouteWithinStack(Object(Illuminate\Routing\Route), Object(Illuminate\Http\Request))
#31 D:\xampp\htdocs\ehs-backend\vendor\laravel\framework\src\Illuminate\Routing\Router.php(740): Illuminate\Routing\Router->runRoute(Object(Illuminate\Http\Request), Object(Illuminate\Routing\Route))
#32 D:\xampp\htdocs\ehs-backend\vendor\laravel\framework\src\Illuminate\Routing\Router.php(729): Illuminate\Routing\Router->dispatchToRoute(Object(Illuminate\Http\Request))
#33 D:\xampp\htdocs\ehs-backend\vendor\laravel\framework\src\Illuminate\Foundation\Http\Kernel.php(190): Illuminate\Routing\Router->dispatch(Object(Illuminate\Http\Request))
#34 D:\xampp\htdocs\ehs-backend\vendor\laravel\framework\src\Illuminate\Pipeline\Pipeline.php(141): Illuminate\Foundation\Http\Kernel->Illuminate\Foundation\Http\{closure}(Object(Illuminate\Http\Request))
#35 D:\xampp\htdocs\ehs-backend\vendor\laravel\framework\src\Illuminate\Foundation\Http\Middleware\TransformsRequest.php(21): Illuminate\Pipeline\Pipeline->Illuminate\Pipeline\{closure}(Object(Illuminate\Http\Request))
#36 D:\xampp\htdocs\ehs-backend\vendor\laravel\framework\src\Illuminate\Foundation\Http\Middleware\ConvertEmptyStringsToNull.php(31): Illuminate\Foundation\Http\Middleware\TransformsRequest->handle(Object(Illuminate\Http\Request), Object(Closure))
#37 D:\xampp\htdocs\ehs-backend\vendor\laravel\framework\src\Illuminate\Pipeline\Pipeline.php(180): Illuminate\Foundation\Http\Middleware\ConvertEmptyStringsToNull->handle(Object(Illuminate\Http\Request), Object(Closure))
#38 D:\xampp\htdocs\ehs-backend\vendor\laravel\framework\src\Illuminate\Foundation\Http\Middleware\TransformsRequest.php(21): Illuminate\Pipeline\Pipeline->Illuminate\Pipeline\{closure}(Object(Illuminate\Http\Request))
#39 D:\xampp\htdocs\ehs-backend\vendor\laravel\framework\src\Illuminate\Foundation\Http\Middleware\TrimStrings.php(40): Illuminate\Foundation\Http\Middleware\TransformsRequest->handle(Object(Illuminate\Http\Request), Object(Closure))
#40 D:\xampp\htdocs\ehs-backend\vendor\laravel\framework\src\Illuminate\Pipeline\Pipeline.php(180): Illuminate\Foundation\Http\Middleware\TrimStrings->handle(Object(Illuminate\Http\Request), Object(Closure))
#41 D:\xampp\htdocs\ehs-backend\vendor\laravel\framework\src\Illuminate\Foundation\Http\Middleware\ValidatePostSize.php(27): Illuminate\Pipeline\Pipeline->Illuminate\Pipeline\{closure}(Object(Illuminate\Http\Request))
#42 D:\xampp\htdocs\ehs-backend\vendor\laravel\framework\src\Illuminate\Pipeline\Pipeline.php(180): Illuminate\Foundation\Http\Middleware\ValidatePostSize->handle(Object(Illuminate\Http\Request), Object(Closure))
#43 D:\xampp\htdocs\ehs-backend\vendor\laravel\framework\src\Illuminate\Foundation\Http\Middleware\PreventRequestsDuringMaintenance.php(86): Illuminate\Pipeline\Pipeline->Illuminate\Pipeline\{closure}(Object(Illuminate\Http\Request))
#44 D:\xampp\htdocs\ehs-backend\vendor\laravel\framework\src\Illuminate\Pipeline\Pipeline.php(180): Illuminate\Foundation\Http\Middleware\PreventRequestsDuringMaintenance->handle(Object(Illuminate\Http\Request), Object(Closure))
#45 D:\xampp\htdocs\ehs-backend\vendor\laravel\framework\src\Illuminate\Http\Middleware\HandleCors.php(62): Illuminate\Pipeline\Pipeline->Illuminate\Pipeline\{closure}(Object(Illuminate\Http\Request))
#46 D:\xampp\htdocs\ehs-backend\vendor\laravel\framework\src\Illuminate\Pipeline\Pipeline.php(180): Illuminate\Http\Middleware\HandleCors->handle(Object(Illuminate\Http\Request), Object(Closure))
#47 D:\xampp\htdocs\ehs-backend\vendor\laravel\framework\src\Illuminate\Http\Middleware\TrustProxies.php(39): Illuminate\Pipeline\Pipeline->Illuminate\Pipeline\{closure}(Object(Illuminate\Http\Request))
#48 D:\xampp\htdocs\ehs-backend\vendor\laravel\framework\src\Illuminate\Pipeline\Pipeline.php(180): Illuminate\Http\Middleware\TrustProxies->handle(Object(Illuminate\Http\Request), Object(Closure))
#49 D:\xampp\htdocs\ehs-backend\vendor\laravel\framework\src\Illuminate\Pipeline\Pipeline.php(116): Illuminate\Pipeline\Pipeline->Illuminate\Pipeline\{closure}(Object(Illuminate\Http\Request))
#50 D:\xampp\htdocs\ehs-backend\vendor\laravel\framework\src\Illuminate\Foundation\Http\Kernel.php(165): Illuminate\Pipeline\Pipeline->then(Object(Closure))
#51 D:\xampp\htdocs\ehs-backend\vendor\laravel\framework\src\Illuminate\Foundation\Http\Kernel.php(134): Illuminate\Foundation\Http\Kernel->sendRequestThroughRouter(Object(Illuminate\Http\Request))
#52 D:\xampp\htdocs\ehs-backend\public\index.php(51): Illuminate\Foundation\Http\Kernel->handle(Object(Illuminate\Http\Request))
#53 D:\xampp\htdocs\ehs-backend\vendor\laravel\framework\src\Illuminate\Foundation\resources\server.php(16): require_once('D:\\xampp\\htdocs...')
#54 {main}  
[2026-01-06 17:06:52] local.ERROR: The resource owner or authorization server denied the request. {"exception":"[object] (League\\OAuth2\\Server\\Exception\\OAuthServerException(code: 9): The resource owner or authorization server denied the request. at D:\\xampp\\htdocs\\ehs-backend\\vendor\\league\\oauth2-server\\src\\Exception\\OAuthServerException.php:243)
[stacktrace]
#0 D:\\xampp\\htdocs\\ehs-backend\\vendor\\league\\oauth2-server\\src\\AuthorizationValidators\\BearerTokenValidator.php(108): League\\OAuth2\\Server\\Exception\\OAuthServerException::accessDenied('The JWT string ...', NULL, Object(Lcobucci\\JWT\\Token\\InvalidTokenStructure))
#1 D:\\xampp\\htdocs\\ehs-backend\\vendor\\league\\oauth2-server\\src\\ResourceServer.php(84): League\\OAuth2\\Server\\AuthorizationValidators\\BearerTokenValidator->validateAuthorization(Object(Nyholm\\Psr7\\ServerRequest))
#2 D:\\xampp\\htdocs\\ehs-backend\\vendor\\laravel\\passport\\src\\Guards\\TokenGuard.php(232): League\\OAuth2\\Server\\ResourceServer->validateAuthenticatedRequest(Object(Nyholm\\Psr7\\ServerRequest))
#3 D:\\xampp\\htdocs\\ehs-backend\\vendor\\laravel\\passport\\src\\Guards\\TokenGuard.php(178): Laravel\\Passport\\Guards\\TokenGuard->getPsrRequestViaBearerToken(Object(Illuminate\\Http\\Request))
#4 D:\\xampp\\htdocs\\ehs-backend\\vendor\\laravel\\passport\\src\\Guards\\TokenGuard.php(120): Laravel\\Passport\\Guards\\TokenGuard->authenticateViaBearerToken(Object(Illuminate\\Http\\Request))
#5 D:\\xampp\\htdocs\\ehs-backend\\app\\Http\\Controllers\\User\\UserController.php(123): Laravel\\Passport\\Guards\\TokenGuard->user()
#6 D:\\xampp\\htdocs\\ehs-backend\\vendor\\laravel\\framework\\src\\Illuminate\\Routing\\Controller.php(54): App\\Http\\Controllers\\User\\UserController->profile(Object(Illuminate\\Http\\Request))
#7 D:\\xampp\\htdocs\\ehs-backend\\vendor\\laravel\\framework\\src\\Illuminate\\Routing\\ControllerDispatcher.php(43): Illuminate\\Routing\\Controller->callAction('profile', Array)
#8 D:\\xampp\\htdocs\\ehs-backend\\vendor\\laravel\\framework\\src\\Illuminate\\Routing\\Route.php(259): Illuminate\\Routing\\ControllerDispatcher->dispatch(Object(Illuminate\\Routing\\Route), Object(App\\Http\\Controllers\\User\\UserController), 'profile')
#9 D:\\xampp\\htdocs\\ehs-backend\\vendor\\laravel\\framework\\src\\Illuminate\\Routing\\Route.php(205): Illuminate\\Routing\\Route->runController()
#10 D:\\xampp\\htdocs\\ehs-backend\\vendor\\laravel\\framework\\src\\Illuminate\\Routing\\Router.php(798): Illuminate\\Routing\\Route->run()
#11 D:\\xampp\\htdocs\\ehs-backend\\vendor\\laravel\\framework\\src\\Illuminate\\Pipeline\\Pipeline.php(141): Illuminate\\Routing\\Router->Illuminate\\Routing\\{closure}(Object(Illuminate\\Http\\Request))
#12 D:\\xampp\\htdocs\\ehs-backend\\vendor\\laravel\\framework\\src\\Illuminate\\Routing\\Middleware\\SubstituteBindings.php(50): Illuminate\\Pipeline\\Pipeline->Illuminate\\Pipeline\\{closure}(Object(Illuminate\\Http\\Request))
#13 D:\\xampp\\htdocs\\ehs-backend\\vendor\\laravel\\framework\\src\\Illuminate\\Pipeline\\Pipeline.php(180): Illuminate\\Routing\\Middleware\\SubstituteBindings->handle(Object(Illuminate\\Http\\Request), Object(Closure))
#14 D:\\xampp\\htdocs\\ehs-backend\\vendor\\laravel\\framework\\src\\Illuminate\\Routing\\Middleware\\ThrottleRequests.php(126): Illuminate\\Pipeline\\Pipeline->Illuminate\\Pipeline\\{closure}(Object(Illuminate\\Http\\Request))
#15 D:\\xampp\\htdocs\\ehs-backend\\vendor\\laravel\\framework\\src\\Illuminate\\Routing\\Middleware\\ThrottleRequests.php(92): Illuminate\\Routing\\Middleware\\ThrottleRequests->handleRequest(Object(Illuminate\\Http\\Request), Object(Closure), Array)
#16 D:\\xampp\\htdocs\\ehs-backend\\vendor\\laravel\\framework\\src\\Illuminate\\Routing\\Middleware\\ThrottleRequests.php(54): Illuminate\\Routing\\Middleware\\ThrottleRequests->handleRequestUsingNamedLimiter(Object(Illuminate\\Http\\Request), Object(Closure), 'api', Object(Closure))
#17 D:\\xampp\\htdocs\\ehs-backend\\vendor\\laravel\\framework\\src\\Illuminate\\Pipeline\\Pipeline.php(180): Illuminate\\Routing\\Middleware\\ThrottleRequests->handle(Object(Illuminate\\Http\\Request), Object(Closure), 'api')
#18 D:\\xampp\\htdocs\\ehs-backend\\vendor\\laravel\\framework\\src\\Illuminate\\Pipeline\\Pipeline.php(116): Illuminate\\Pipeline\\Pipeline->Illuminate\\Pipeline\\{closure}(Object(Illuminate\\Http\\Request))
#19 D:\\xampp\\htdocs\\ehs-backend\\vendor\\laravel\\framework\\src\\Illuminate\\Routing\\Router.php(797): Illuminate\\Pipeline\\Pipeline->then(Object(Closure))
#20 D:\\xampp\\htdocs\\ehs-backend\\vendor\\laravel\\framework\\src\\Illuminate\\Routing\\Router.php(776): Illuminate\\Routing\\Router->runRouteWithinStack(Object(Illuminate\\Routing\\Route), Object(Illuminate\\Http\\Request))
#21 D:\\xampp\\htdocs\\ehs-backend\\vendor\\laravel\\framework\\src\\Illuminate\\Routing\\Router.php(740): Illuminate\\Routing\\Router->runRoute(Object(Illuminate\\Http\\Request), Object(Illuminate\\Routing\\Route))
#22 D:\\xampp\\htdocs\\ehs-backend\\vendor\\laravel\\framework\\src\\Illuminate\\Routing\\Router.php(729): Illuminate\\Routing\\Router->dispatchToRoute(Object(Illuminate\\Http\\Request))
#23 D:\\xampp\\htdocs\\ehs-backend\\vendor\\laravel\\framework\\src\\Illuminate\\Foundation\\Http\\Kernel.php(190): Illuminate\\Routing\\Router->dispatch(Object(Illuminate\\Http\\Request))
#24 D:\\xampp\\htdocs\\ehs-backend\\vendor\\laravel\\framework\\src\\Illuminate\\Pipeline\\Pipeline.php(141): Illuminate\\Foundation\\Http\\Kernel->Illuminate\\Foundation\\Http\\{closure}(Object(Illuminate\\Http\\Request))
#25 D:\\xampp\\htdocs\\ehs-backend\\vendor\\laravel\\framework\\src\\Illuminate\\Foundation\\Http\\Middleware\\TransformsRequest.php(21): Illuminate\\Pipeline\\Pipeline->Illuminate\\Pipeline\\{closure}(Object(Illuminate\\Http\\Request))
#26 D:\\xampp\\htdocs\\ehs-backend\\vendor\\laravel\\framework\\src\\Illuminate\\Foundation\\Http\\Middleware\\ConvertEmptyStringsToNull.php(31): Illuminate\\Foundation\\Http\\Middleware\\TransformsRequest->handle(Object(Illuminate\\Http\\Request), Object(Closure))
#27 D:\\xampp\\htdocs\\ehs-backend\\vendor\\laravel\\framework\\src\\Illuminate\\Pipeline\\Pipeline.php(180): Illuminate\\Foundation\\Http\\Middleware\\ConvertEmptyStringsToNull->handle(Object(Illuminate\\Http\\Request), Object(Closure))
#28 D:\\xampp\\htdocs\\ehs-backend\\vendor\\laravel\\framework\\src\\Illuminate\\Foundation\\Http\\Middleware\\TransformsRequest.php(21): Illuminate\\Pipeline\\Pipeline->Illuminate\\Pipeline\\{closure}(Object(Illuminate\\Http\\Request))
#29 D:\\xampp\\htdocs\\ehs-backend\\vendor\\laravel\\framework\\src\\Illuminate\\Foundation\\Http\\Middleware\\TrimStrings.php(40): Illuminate\\Foundation\\Http\\Middleware\\TransformsRequest->handle(Object(Illuminate\\Http\\Request), Object(Closure))
#30 D:\\xampp\\htdocs\\ehs-backend\\vendor\\laravel\\framework\\src\\Illuminate\\Pipeline\\Pipeline.php(180): Illuminate\\Foundation\\Http\\Middleware\\TrimStrings->handle(Object(Illuminate\\Http\\Request), Object(Closure))
#31 D:\\xampp\\htdocs\\ehs-backend\\vendor\\laravel\\framework\\src\\Illuminate\\Foundation\\Http\\Middleware\\ValidatePostSize.php(27): Illuminate\\Pipeline\\Pipeline->Illuminate\\Pipeline\\{closure}(Object(Illuminate\\Http\\Request))
#32 D:\\xampp\\htdocs\\ehs-backend\\vendor\\laravel\\framework\\src\\Illuminate\\Pipeline\\Pipeline.php(180): Illuminate\\Foundation\\Http\\Middleware\\ValidatePostSize->handle(Object(Illuminate\\Http\\Request), Object(Closure))
#33 D:\\xampp\\htdocs\\ehs-backend\\vendor\\laravel\\framework\\src\\Illuminate\\Foundation\\Http\\Middleware\\PreventRequestsDuringMaintenance.php(86): Illuminate\\Pipeline\\Pipeline->Illuminate\\Pipeline\\{closure}(Object(Illuminate\\Http\\Request))
#34 D:\\xampp\\htdocs\\ehs-backend\\vendor\\laravel\\framework\\src\\Illuminate\\Pipeline\\Pipeline.php(180): Illuminate\\Foundation\\Http\\Middleware\\PreventRequestsDuringMaintenance->handle(Object(Illuminate\\Http\\Request), Object(Closure))
#35 D:\\xampp\\htdocs\\ehs-backend\\vendor\\laravel\\framework\\src\\Illuminate\\Http\\Middleware\\HandleCors.php(62): Illuminate\\Pipeline\\Pipeline->Illuminate\\Pipeline\\{closure}(Object(Illuminate\\Http\\Request))
#36 D:\\xampp\\htdocs\\ehs-backend\\vendor\\laravel\\framework\\src\\Illuminate\\Pipeline\\Pipeline.php(180): Illuminate\\Http\\Middleware\\HandleCors->handle(Object(Illuminate\\Http\\Request), Object(Closure))
#37 D:\\xampp\\htdocs\\ehs-backend\\vendor\\laravel\\framework\\src\\Illuminate\\Http\\Middleware\\TrustProxies.php(39): Illuminate\\Pipeline\\Pipeline->Illuminate\\Pipeline\\{closure}(Object(Illuminate\\Http\\Request))
#38 D:\\xampp\\htdocs\\ehs-backend\\vendor\\laravel\\framework\\src\\Illuminate\\Pipeline\\Pipeline.php(180): Illuminate\\Http\\Middleware\\TrustProxies->handle(Object(Illuminate\\Http\\Request), Object(Closure))
#39 D:\\xampp\\htdocs\\ehs-backend\\vendor\\laravel\\framework\\src\\Illuminate\\Pipeline\\Pipeline.php(116): Illuminate\\Pipeline\\Pipeline->Illuminate\\Pipeline\\{closure}(Object(Illuminate\\Http\\Request))
#40 D:\\xampp\\htdocs\\ehs-backend\\vendor\\laravel\\framework\\src\\Illuminate\\Foundation\\Http\\Kernel.php(165): Illuminate\\Pipeline\\Pipeline->then(Object(Closure))
#41 D:\\xampp\\htdocs\\ehs-backend\\vendor\\laravel\\framework\\src\\Illuminate\\Foundation\\Http\\Kernel.php(134): Illuminate\\Foundation\\Http\\Kernel->sendRequestThroughRouter(Object(Illuminate\\Http\\Request))
#42 D:\\xampp\\htdocs\\ehs-backend\\public\\index.php(51): Illuminate\\Foundation\\Http\\Kernel->handle(Object(Illuminate\\Http\\Request))
#43 D:\\xampp\\htdocs\\ehs-backend\\vendor\\laravel\\framework\\src\\Illuminate\\Foundation\\resources\\server.php(16): require_once('D:\\\\xampp\\\\htdocs...')
#44 {main}

[previous exception] [object] (Lcobucci\\JWT\\Token\\InvalidTokenStructure(code: 0): The JWT string must have two dots at D:\\xampp\\htdocs\\ehs-backend\\vendor\\lcobucci\\jwt\\src\\Token\\InvalidTokenStructure.php:13)
[stacktrace]
#0 D:\\xampp\\htdocs\\ehs-backend\\vendor\\lcobucci\\jwt\\src\\Token\\Parser.php(54): Lcobucci\\JWT\\Token\\InvalidTokenStructure::missingOrNotEnoughSeparators()
#1 D:\\xampp\\htdocs\\ehs-backend\\vendor\\lcobucci\\jwt\\src\\Token\\Parser.php(31): Lcobucci\\JWT\\Token\\Parser->splitJwt('undefined')
#2 D:\\xampp\\htdocs\\ehs-backend\\vendor\\league\\oauth2-server\\src\\AuthorizationValidators\\BearerTokenValidator.php(106): Lcobucci\\JWT\\Token\\Parser->parse('undefined')
#3 D:\\xampp\\htdocs\\ehs-backend\\vendor\\league\\oauth2-server\\src\\ResourceServer.php(84): League\\OAuth2\\Server\\AuthorizationValidators\\BearerTokenValidator->validateAuthorization(Object(Nyholm\\Psr7\\ServerRequest))
#4 D:\\xampp\\htdocs\\ehs-backend\\vendor\\laravel\\passport\\src\\Guards\\TokenGuard.php(232): League\\OAuth2\\Server\\ResourceServer->validateAuthenticatedRequest(Object(Nyholm\\Psr7\\ServerRequest))
#5 D:\\xampp\\htdocs\\ehs-backend\\vendor\\laravel\\passport\\src\\Guards\\TokenGuard.php(178): Laravel\\Passport\\Guards\\TokenGuard->getPsrRequestViaBearerToken(Object(Illuminate\\Http\\Request))
#6 D:\\xampp\\htdocs\\ehs-backend\\vendor\\laravel\\passport\\src\\Guards\\TokenGuard.php(120): Laravel\\Passport\\Guards\\TokenGuard->authenticateViaBearerToken(Object(Illuminate\\Http\\Request))
#7 D:\\xampp\\htdocs\\ehs-backend\\app\\Http\\Controllers\\User\\UserController.php(123): Laravel\\Passport\\Guards\\TokenGuard->user()
#8 D:\\xampp\\htdocs\\ehs-backend\\vendor\\laravel\\framework\\src\\Illuminate\\Routing\\Controller.php(54): App\\Http\\Controllers\\User\\UserController->profile(Object(Illuminate\\Http\\Request))
#9 D:\\xampp\\htdocs\\ehs-backend\\vendor\\laravel\\framework\\src\\Illuminate\\Routing\\ControllerDispatcher.php(43): Illuminate\\Routing\\Controller->callAction('profile', Array)
#10 D:\\xampp\\htdocs\\ehs-backend\\vendor\\laravel\\framework\\src\\Illuminate\\Routing\\Route.php(259): Illuminate\\Routing\\ControllerDispatcher->dispatch(Object(Illuminate\\Routing\\Route), Object(App\\Http\\Controllers\\User\\UserController), 'profile')
#11 D:\\xampp\\htdocs\\ehs-backend\\vendor\\laravel\\framework\\src\\Illuminate\\Routing\\Route.php(205): Illuminate\\Routing\\Route->runController()
#12 D:\\xampp\\htdocs\\ehs-backend\\vendor\\laravel\\framework\\src\\Illuminate\\Routing\\Router.php(798): Illuminate\\Routing\\Route->run()
#13 D:\\xampp\\htdocs\\ehs-backend\\vendor\\laravel\\framework\\src\\Illuminate\\Pipeline\\Pipeline.php(141): Illuminate\\Routing\\Router->Illuminate\\Routing\\{closure}(Object(Illuminate\\Http\\Request))
#14 D:\\xampp\\htdocs\\ehs-backend\\vendor\\laravel\\framework\\src\\Illuminate\\Routing\\Middleware\\SubstituteBindings.php(50): Illuminate\\Pipeline\\Pipeline->Illuminate\\Pipeline\\{closure}(Object(Illuminate\\Http\\Request))
#15 D:\\xampp\\htdocs\\ehs-backend\\vendor\\laravel\\framework\\src\\Illuminate\\Pipeline\\Pipeline.php(180): Illuminate\\Routing\\Middleware\\SubstituteBindings->handle(Object(Illuminate\\Http\\Request), Object(Closure))
#16 D:\\xampp\\htdocs\\ehs-backend\\vendor\\laravel\\framework\\src\\Illuminate\\Routing\\Middleware\\ThrottleRequests.php(126): Illuminate\\Pipeline\\Pipeline->Illuminate\\Pipeline\\{closure}(Object(Illuminate\\Http\\Request))
#17 D:\\xampp\\htdocs\\ehs-backend\\vendor\\laravel\\framework\\src\\Illuminate\\Routing\\Middleware\\ThrottleRequests.php(92): Illuminate\\Routing\\Middleware\\ThrottleRequests->handleRequest(Object(Illuminate\\Http\\Request), Object(Closure), Array)
#18 D:\\xampp\\htdocs\\ehs-backend\\vendor\\laravel\\framework\\src\\Illuminate\\Routing\\Middleware\\ThrottleRequests.php(54): Illuminate\\Routing\\Middleware\\ThrottleRequests->handleRequestUsingNamedLimiter(Object(Illuminate\\Http\\Request), Object(Closure), 'api', Object(Closure))
#19 D:\\xampp\\htdocs\\ehs-backend\\vendor\\laravel\\framework\\src\\Illuminate\\Pipeline\\Pipeline.php(180): Illuminate\\Routing\\Middleware\\ThrottleRequests->handle(Object(Illuminate\\Http\\Request), Object(Closure), 'api')
#20 D:\\xampp\\htdocs\\ehs-backend\\vendor\\laravel\\framework\\src\\Illuminate\\Pipeline\\Pipeline.php(116): Illuminate\\Pipeline\\Pipeline->Illuminate\\Pipeline\\{closure}(Object(Illuminate\\Http\\Request))
#21 D:\\xampp\\htdocs\\ehs-backend\\vendor\\laravel\\framework\\src\\Illuminate\\Routing\\Router.php(797): Illuminate\\Pipeline\\Pipeline->then(Object(Closure))
#22 D:\\xampp\\htdocs\\ehs-backend\\vendor\\laravel\\framework\\src\\Illuminate\\Routing\\Router.php(776): Illuminate\\Routing\\Router->runRouteWithinStack(Object(Illuminate\\Routing\\Route), Object(Illuminate\\Http\\Request))
#23 D:\\xampp\\htdocs\\ehs-backend\\vendor\\laravel\\framework\\src\\Illuminate\\Routing\\Router.php(740): Illuminate\\Routing\\Router->runRoute(Object(Illuminate\\Http\\Request), Object(Illuminate\\Routing\\Route))
#24 D:\\xampp\\htdocs\\ehs-backend\\vendor\\laravel\\framework\\src\\Illuminate\\Routing\\Router.php(729): Illuminate\\Routing\\Router->dispatchToRoute(Object(Illuminate\\Http\\Request))
#25 D:\\xampp\\htdocs\\ehs-backend\\vendor\\laravel\\framework\\src\\Illuminate\\Foundation\\Http\\Kernel.php(190): Illuminate\\Routing\\Router->dispatch(Object(Illuminate\\Http\\Request))
#26 D:\\xampp\\htdocs\\ehs-backend\\vendor\\laravel\\framework\\src\\Illuminate\\Pipeline\\Pipeline.php(141): Illuminate\\Foundation\\Http\\Kernel->Illuminate\\Foundation\\Http\\{closure}(Object(Illuminate\\Http\\Request))
#27 D:\\xampp\\htdocs\\ehs-backend\\vendor\\laravel\\framework\\src\\Illuminate\\Foundation\\Http\\Middleware\\TransformsRequest.php(21): Illuminate\\Pipeline\\Pipeline->Illuminate\\Pipeline\\{closure}(Object(Illuminate\\Http\\Request))
#28 D:\\xampp\\htdocs\\ehs-backend\\vendor\\laravel\\framework\\src\\Illuminate\\Foundation\\Http\\Middleware\\ConvertEmptyStringsToNull.php(31): Illuminate\\Foundation\\Http\\Middleware\\TransformsRequest->handle(Object(Illuminate\\Http\\Request), Object(Closure))
#29 D:\\xampp\\htdocs\\ehs-backend\\vendor\\laravel\\framework\\src\\Illuminate\\Pipeline\\Pipeline.php(180): Illuminate\\Foundation\\Http\\Middleware\\ConvertEmptyStringsToNull->handle(Object(Illuminate\\Http\\Request), Object(Closure))
#30 D:\\xampp\\htdocs\\ehs-backend\\vendor\\laravel\\framework\\src\\Illuminate\\Foundation\\Http\\Middleware\\TransformsRequest.php(21): Illuminate\\Pipeline\\Pipeline->Illuminate\\Pipeline\\{closure}(Object(Illuminate\\Http\\Request))
#31 D:\\xampp\\htdocs\\ehs-backend\\vendor\\laravel\\framework\\src\\Illuminate\\Foundation\\Http\\Middleware\\TrimStrings.php(40): Illuminate\\Foundation\\Http\\Middleware\\TransformsRequest->handle(Object(Illuminate\\Http\\Request), Object(Closure))
#32 D:\\xampp\\htdocs\\ehs-backend\\vendor\\laravel\\framework\\src\\Illuminate\\Pipeline\\Pipeline.php(180): Illuminate\\Foundation\\Http\\Middleware\\TrimStrings->handle(Object(Illuminate\\Http\\Request), Object(Closure))
#33 D:\\xampp\\htdocs\\ehs-backend\\vendor\\laravel\\framework\\src\\Illuminate\\Foundation\\Http\\Middleware\\ValidatePostSize.php(27): Illuminate\\Pipeline\\Pipeline->Illuminate\\Pipeline\\{closure}(Object(Illuminate\\Http\\Request))
#34 D:\\xampp\\htdocs\\ehs-backend\\vendor\\laravel\\framework\\src\\Illuminate\\Pipeline\\Pipeline.php(180): Illuminate\\Foundation\\Http\\Middleware\\ValidatePostSize->handle(Object(Illuminate\\Http\\Request), Object(Closure))
#35 D:\\xampp\\htdocs\\ehs-backend\\vendor\\laravel\\framework\\src\\Illuminate\\Foundation\\Http\\Middleware\\PreventRequestsDuringMaintenance.php(86): Illuminate\\Pipeline\\Pipeline->Illuminate\\Pipeline\\{closure}(Object(Illuminate\\Http\\Request))
#36 D:\\xampp\\htdocs\\ehs-backend\\vendor\\laravel\\framework\\src\\Illuminate\\Pipeline\\Pipeline.php(180): Illuminate\\Foundation\\Http\\Middleware\\PreventRequestsDuringMaintenance->handle(Object(Illuminate\\Http\\Request), Object(Closure))
#37 D:\\xampp\\htdocs\\ehs-backend\\vendor\\laravel\\framework\\src\\Illuminate\\Http\\Middleware\\HandleCors.php(62): Illuminate\\Pipeline\\Pipeline->Illuminate\\Pipeline\\{closure}(Object(Illuminate\\Http\\Request))
#38 D:\\xampp\\htdocs\\ehs-backend\\vendor\\laravel\\framework\\src\\Illuminate\\Pipeline\\Pipeline.php(180): Illuminate\\Http\\Middleware\\HandleCors->handle(Object(Illuminate\\Http\\Request), Object(Closure))
#39 D:\\xampp\\htdocs\\ehs-backend\\vendor\\laravel\\framework\\src\\Illuminate\\Http\\Middleware\\TrustProxies.php(39): Illuminate\\Pipeline\\Pipeline->Illuminate\\Pipeline\\{closure}(Object(Illuminate\\Http\\Request))
#40 D:\\xampp\\htdocs\\ehs-backend\\vendor\\laravel\\framework\\src\\Illuminate\\Pipeline\\Pipeline.php(180): Illuminate\\Http\\Middleware\\TrustProxies->handle(Object(Illuminate\\Http\\Request), Object(Closure))
#41 D:\\xampp\\htdocs\\ehs-backend\\vendor\\laravel\\framework\\src\\Illuminate\\Pipeline\\Pipeline.php(116): Illuminate\\Pipeline\\Pipeline->Illuminate\\Pipeline\\{closure}(Object(Illuminate\\Http\\Request))
#42 D:\\xampp\\htdocs\\ehs-backend\\vendor\\laravel\\framework\\src\\Illuminate\\Foundation\\Http\\Kernel.php(165): Illuminate\\Pipeline\\Pipeline->then(Object(Closure))
#43 D:\\xampp\\htdocs\\ehs-backend\\vendor\\laravel\\framework\\src\\Illuminate\\Foundation\\Http\\Kernel.php(134): Illuminate\\Foundation\\Http\\Kernel->sendRequestThroughRouter(Object(Illuminate\\Http\\Request))
#44 D:\\xampp\\htdocs\\ehs-backend\\public\\index.php(51): Illuminate\\Foundation\\Http\\Kernel->handle(Object(Illuminate\\Http\\Request))
#45 D:\\xampp\\htdocs\\ehs-backend\\vendor\\laravel\\framework\\src\\Illuminate\\Foundation\\resources\\server.php(16): require_once('D:\\\\xampp\\\\htdocs...')
#46 {main}
"} 
[2026-01-06 17:06:52] local.ERROR: The resource owner or authorization server denied the request. {"exception":"[object] (League\\OAuth2\\Server\\Exception\\OAuthServerException(code: 9): The resource owner or authorization server denied the request. at D:\\xampp\\htdocs\\ehs-backend\\vendor\\league\\oauth2-server\\src\\Exception\\OAuthServerException.php:243)
[stacktrace]
#0 D:\\xampp\\htdocs\\ehs-backend\\vendor\\league\\oauth2-server\\src\\AuthorizationValidators\\BearerTokenValidator.php(108): League\\OAuth2\\Server\\Exception\\OAuthServerException::accessDenied('The JWT string ...', NULL, Object(Lcobucci\\JWT\\Token\\InvalidTokenStructure))
#1 D:\\xampp\\htdocs\\ehs-backend\\vendor\\league\\oauth2-server\\src\\ResourceServer.php(84): League\\OAuth2\\Server\\AuthorizationValidators\\BearerTokenValidator->validateAuthorization(Object(Nyholm\\Psr7\\ServerRequest))
#2 D:\\xampp\\htdocs\\ehs-backend\\vendor\\laravel\\passport\\src\\Guards\\TokenGuard.php(232): League\\OAuth2\\Server\\ResourceServer->validateAuthenticatedRequest(Object(Nyholm\\Psr7\\ServerRequest))
#3 D:\\xampp\\htdocs\\ehs-backend\\vendor\\laravel\\passport\\src\\Guards\\TokenGuard.php(178): Laravel\\Passport\\Guards\\TokenGuard->getPsrRequestViaBearerToken(Object(Illuminate\\Http\\Request))
#4 D:\\xampp\\htdocs\\ehs-backend\\vendor\\laravel\\passport\\src\\Guards\\TokenGuard.php(120): Laravel\\Passport\\Guards\\TokenGuard->authenticateViaBearerToken(Object(Illuminate\\Http\\Request))
#5 D:\\xampp\\htdocs\\ehs-backend\\app\\Http\\Controllers\\User\\UserController.php(123): Laravel\\Passport\\Guards\\TokenGuard->user()
#6 D:\\xampp\\htdocs\\ehs-backend\\vendor\\laravel\\framework\\src\\Illuminate\\Routing\\Controller.php(54): App\\Http\\Controllers\\User\\UserController->profile(Object(Illuminate\\Http\\Request))
#7 D:\\xampp\\htdocs\\ehs-backend\\vendor\\laravel\\framework\\src\\Illuminate\\Routing\\ControllerDispatcher.php(43): Illuminate\\Routing\\Controller->callAction('profile', Array)
#8 D:\\xampp\\htdocs\\ehs-backend\\vendor\\laravel\\framework\\src\\Illuminate\\Routing\\Route.php(259): Illuminate\\Routing\\ControllerDispatcher->dispatch(Object(Illuminate\\Routing\\Route), Object(App\\Http\\Controllers\\User\\UserController), 'profile')
#9 D:\\xampp\\htdocs\\ehs-backend\\vendor\\laravel\\framework\\src\\Illuminate\\Routing\\Route.php(205): Illuminate\\Routing\\Route->runController()
#10 D:\\xampp\\htdocs\\ehs-backend\\vendor\\laravel\\framework\\src\\Illuminate\\Routing\\Router.php(798): Illuminate\\Routing\\Route->run()
#11 D:\\xampp\\htdocs\\ehs-backend\\vendor\\laravel\\framework\\src\\Illuminate\\Pipeline\\Pipeline.php(141): Illuminate\\Routing\\Router->Illuminate\\Routing\\{closure}(Object(Illuminate\\Http\\Request))
#12 D:\\xampp\\htdocs\\ehs-backend\\vendor\\laravel\\framework\\src\\Illuminate\\Routing\\Middleware\\SubstituteBindings.php(50): Illuminate\\Pipeline\\Pipeline->Illuminate\\Pipeline\\{closure}(Object(Illuminate\\Http\\Request))
#13 D:\\xampp\\htdocs\\ehs-backend\\vendor\\laravel\\framework\\src\\Illuminate\\Pipeline\\Pipeline.php(180): Illuminate\\Routing\\Middleware\\SubstituteBindings->handle(Object(Illuminate\\Http\\Request), Object(Closure))
#14 D:\\xampp\\htdocs\\ehs-backend\\vendor\\laravel\\framework\\src\\Illuminate\\Routing\\Middleware\\ThrottleRequests.php(126): Illuminate\\Pipeline\\Pipeline->Illuminate\\Pipeline\\{closure}(Object(Illuminate\\Http\\Request))
#15 D:\\xampp\\htdocs\\ehs-backend\\vendor\\laravel\\framework\\src\\Illuminate\\Routing\\Middleware\\ThrottleRequests.php(92): Illuminate\\Routing\\Middleware\\ThrottleRequests->handleRequest(Object(Illuminate\\Http\\Request), Object(Closure), Array)
#16 D:\\xampp\\htdocs\\ehs-backend\\vendor\\laravel\\framework\\src\\Illuminate\\Routing\\Middleware\\ThrottleRequests.php(54): Illuminate\\Routing\\Middleware\\ThrottleRequests->handleRequestUsingNamedLimiter(Object(Illuminate\\Http\\Request), Object(Closure), 'api', Object(Closure))
#17 D:\\xampp\\htdocs\\ehs-backend\\vendor\\laravel\\framework\\src\\Illuminate\\Pipeline\\Pipeline.php(180): Illuminate\\Routing\\Middleware\\ThrottleRequests->handle(Object(Illuminate\\Http\\Request), Object(Closure), 'api')
#18 D:\\xampp\\htdocs\\ehs-backend\\vendor\\laravel\\framework\\src\\Illuminate\\Pipeline\\Pipeline.php(116): Illuminate\\Pipeline\\Pipeline->Illuminate\\Pipeline\\{closure}(Object(Illuminate\\Http\\Request))
#19 D:\\xampp\\htdocs\\ehs-backend\\vendor\\laravel\\framework\\src\\Illuminate\\Routing\\Router.php(797): Illuminate\\Pipeline\\Pipeline->then(Object(Closure))
#20 D:\\xampp\\htdocs\\ehs-backend\\vendor\\laravel\\framework\\src\\Illuminate\\Routing\\Router.php(776): Illuminate\\Routing\\Router->runRouteWithinStack(Object(Illuminate\\Routing\\Route), Object(Illuminate\\Http\\Request))
#21 D:\\xampp\\htdocs\\ehs-backend\\vendor\\laravel\\framework\\src\\Illuminate\\Routing\\Router.php(740): Illuminate\\Routing\\Router->runRoute(Object(Illuminate\\Http\\Request), Object(Illuminate\\Routing\\Route))
#22 D:\\xampp\\htdocs\\ehs-backend\\vendor\\laravel\\framework\\src\\Illuminate\\Routing\\Router.php(729): Illuminate\\Routing\\Router->dispatchToRoute(Object(Illuminate\\Http\\Request))
#23 D:\\xampp\\htdocs\\ehs-backend\\vendor\\laravel\\framework\\src\\Illuminate\\Foundation\\Http\\Kernel.php(190): Illuminate\\Routing\\Router->dispatch(Object(Illuminate\\Http\\Request))
#24 D:\\xampp\\htdocs\\ehs-backend\\vendor\\laravel\\framework\\src\\Illuminate\\Pipeline\\Pipeline.php(141): Illuminate\\Foundation\\Http\\Kernel->Illuminate\\Foundation\\Http\\{closure}(Object(Illuminate\\Http\\Request))
#25 D:\\xampp\\htdocs\\ehs-backend\\vendor\\laravel\\framework\\src\\Illuminate\\Foundation\\Http\\Middleware\\TransformsRequest.php(21): Illuminate\\Pipeline\\Pipeline->Illuminate\\Pipeline\\{closure}(Object(Illuminate\\Http\\Request))
#26 D:\\xampp\\htdocs\\ehs-backend\\vendor\\laravel\\framework\\src\\Illuminate\\Foundation\\Http\\Middleware\\ConvertEmptyStringsToNull.php(31): Illuminate\\Foundation\\Http\\Middleware\\TransformsRequest->handle(Object(Illuminate\\Http\\Request), Object(Closure))
#27 D:\\xampp\\htdocs\\ehs-backend\\vendor\\laravel\\framework\\src\\Illuminate\\Pipeline\\Pipeline.php(180): Illuminate\\Foundation\\Http\\Middleware\\ConvertEmptyStringsToNull->handle(Object(Illuminate\\Http\\Request), Object(Closure))
#28 D:\\xampp\\htdocs\\ehs-backend\\vendor\\laravel\\framework\\src\\Illuminate\\Foundation\\Http\\Middleware\\TransformsRequest.php(21): Illuminate\\Pipeline\\Pipeline->Illuminate\\Pipeline\\{closure}(Object(Illuminate\\Http\\Request))
#29 D:\\xampp\\htdocs\\ehs-backend\\vendor\\laravel\\framework\\src\\Illuminate\\Foundation\\Http\\Middleware\\TrimStrings.php(40): Illuminate\\Foundation\\Http\\Middleware\\TransformsRequest->handle(Object(Illuminate\\Http\\Request), Object(Closure))
#30 D:\\xampp\\htdocs\\ehs-backend\\vendor\\laravel\\framework\\src\\Illuminate\\Pipeline\\Pipeline.php(180): Illuminate\\Foundation\\Http\\Middleware\\TrimStrings->handle(Object(Illuminate\\Http\\Request), Object(Closure))
#31 D:\\xampp\\htdocs\\ehs-backend\\vendor\\laravel\\framework\\src\\Illuminate\\Foundation\\Http\\Middleware\\ValidatePostSize.php(27): Illuminate\\Pipeline\\Pipeline->Illuminate\\Pipeline\\{closure}(Object(Illuminate\\Http\\Request))
#32 D:\\xampp\\htdocs\\ehs-backend\\vendor\\laravel\\framework\\src\\Illuminate\\Pipeline\\Pipeline.php(180): Illuminate\\Foundation\\Http\\Middleware\\ValidatePostSize->handle(Object(Illuminate\\Http\\Request), Object(Closure))
#33 D:\\xampp\\htdocs\\ehs-backend\\vendor\\laravel\\framework\\src\\Illuminate\\Foundation\\Http\\Middleware\\PreventRequestsDuringMaintenance.php(86): Illuminate\\Pipeline\\Pipeline->Illuminate\\Pipeline\\{closure}(Object(Illuminate\\Http\\Request))
#34 D:\\xampp\\htdocs\\ehs-backend\\vendor\\laravel\\framework\\src\\Illuminate\\Pipeline\\Pipeline.php(180): Illuminate\\Foundation\\Http\\Middleware\\PreventRequestsDuringMaintenance->handle(Object(Illuminate\\Http\\Request), Object(Closure))
#35 D:\\xampp\\htdocs\\ehs-backend\\vendor\\laravel\\framework\\src\\Illuminate\\Http\\Middleware\\HandleCors.php(62): Illuminate\\Pipeline\\Pipeline->Illuminate\\Pipeline\\{closure}(Object(Illuminate\\Http\\Request))
#36 D:\\xampp\\htdocs\\ehs-backend\\vendor\\laravel\\framework\\src\\Illuminate\\Pipeline\\Pipeline.php(180): Illuminate\\Http\\Middleware\\HandleCors->handle(Object(Illuminate\\Http\\Request), Object(Closure))
#37 D:\\xampp\\htdocs\\ehs-backend\\vendor\\laravel\\framework\\src\\Illuminate\\Http\\Middleware\\TrustProxies.php(39): Illuminate\\Pipeline\\Pipeline->Illuminate\\Pipeline\\{closure}(Object(Illuminate\\Http\\Request))
#38 D:\\xampp\\htdocs\\ehs-backend\\vendor\\laravel\\framework\\src\\Illuminate\\Pipeline\\Pipeline.php(180): Illuminate\\Http\\Middleware\\TrustProxies->handle(Object(Illuminate\\Http\\Request), Object(Closure))
#39 D:\\xampp\\htdocs\\ehs-backend\\vendor\\laravel\\framework\\src\\Illuminate\\Pipeline\\Pipeline.php(116): Illuminate\\Pipeline\\Pipeline->Illuminate\\Pipeline\\{closure}(Object(Illuminate\\Http\\Request))
#40 D:\\xampp\\htdocs\\ehs-backend\\vendor\\laravel\\framework\\src\\Illuminate\\Foundation\\Http\\Kernel.php(165): Illuminate\\Pipeline\\Pipeline->then(Object(Closure))
#41 D:\\xampp\\htdocs\\ehs-backend\\vendor\\laravel\\framework\\src\\Illuminate\\Foundation\\Http\\Kernel.php(134): Illuminate\\Foundation\\Http\\Kernel->sendRequestThroughRouter(Object(Illuminate\\Http\\Request))
#42 D:\\xampp\\htdocs\\ehs-backend\\public\\index.php(51): Illuminate\\Foundation\\Http\\Kernel->handle(Object(Illuminate\\Http\\Request))
#43 D:\\xampp\\htdocs\\ehs-backend\\vendor\\laravel\\framework\\src\\Illuminate\\Foundation\\resources\\server.php(16): require_once('D:\\\\xampp\\\\htdocs...')
#44 {main}

[previous exception] [object] (Lcobucci\\JWT\\Token\\InvalidTokenStructure(code: 0): The JWT string must have two dots at D:\\xampp\\htdocs\\ehs-backend\\vendor\\lcobucci\\jwt\\src\\Token\\InvalidTokenStructure.php:13)
[stacktrace]
#0 D:\\xampp\\htdocs\\ehs-backend\\vendor\\lcobucci\\jwt\\src\\Token\\Parser.php(54): Lcobucci\\JWT\\Token\\InvalidTokenStructure::missingOrNotEnoughSeparators()
#1 D:\\xampp\\htdocs\\ehs-backend\\vendor\\lcobucci\\jwt\\src\\Token\\Parser.php(31): Lcobucci\\JWT\\Token\\Parser->splitJwt('undefined')
#2 D:\\xampp\\htdocs\\ehs-backend\\vendor\\league\\oauth2-server\\src\\AuthorizationValidators\\BearerTokenValidator.php(106): Lcobucci\\JWT\\Token\\Parser->parse('undefined')
#3 D:\\xampp\\htdocs\\ehs-backend\\vendor\\league\\oauth2-server\\src\\ResourceServer.php(84): League\\OAuth2\\Server\\AuthorizationValidators\\BearerTokenValidator->validateAuthorization(Object(Nyholm\\Psr7\\ServerRequest))
#4 D:\\xampp\\htdocs\\ehs-backend\\vendor\\laravel\\passport\\src\\Guards\\TokenGuard.php(232): League\\OAuth2\\Server\\ResourceServer->validateAuthenticatedRequest(Object(Nyholm\\Psr7\\ServerRequest))
#5 D:\\xampp\\htdocs\\ehs-backend\\vendor\\laravel\\passport\\src\\Guards\\TokenGuard.php(178): Laravel\\Passport\\Guards\\TokenGuard->getPsrRequestViaBearerToken(Object(Illuminate\\Http\\Request))
#6 D:\\xampp\\htdocs\\ehs-backend\\vendor\\laravel\\passport\\src\\Guards\\TokenGuard.php(120): Laravel\\Passport\\Guards\\TokenGuard->authenticateViaBearerToken(Object(Illuminate\\Http\\Request))
#7 D:\\xampp\\htdocs\\ehs-backend\\app\\Http\\Controllers\\User\\UserController.php(123): Laravel\\Passport\\Guards\\TokenGuard->user()
#8 D:\\xampp\\htdocs\\ehs-backend\\vendor\\laravel\\framework\\src\\Illuminate\\Routing\\Controller.php(54): App\\Http\\Controllers\\User\\UserController->profile(Object(Illuminate\\Http\\Request))
#9 D:\\xampp\\htdocs\\ehs-backend\\vendor\\laravel\\framework\\src\\Illuminate\\Routing\\ControllerDispatcher.php(43): Illuminate\\Routing\\Controller->callAction('profile', Array)
#10 D:\\xampp\\htdocs\\ehs-backend\\vendor\\laravel\\framework\\src\\Illuminate\\Routing\\Route.php(259): Illuminate\\Routing\\ControllerDispatcher->dispatch(Object(Illuminate\\Routing\\Route), Object(App\\Http\\Controllers\\User\\UserController), 'profile')
#11 D:\\xampp\\htdocs\\ehs-backend\\vendor\\laravel\\framework\\src\\Illuminate\\Routing\\Route.php(205): Illuminate\\Routing\\Route->runController()
#12 D:\\xampp\\htdocs\\ehs-backend\\vendor\\laravel\\framework\\src\\Illuminate\\Routing\\Router.php(798): Illuminate\\Routing\\Route->run()
#13 D:\\xampp\\htdocs\\ehs-backend\\vendor\\laravel\\framework\\src\\Illuminate\\Pipeline\\Pipeline.php(141): Illuminate\\Routing\\Router->Illuminate\\Routing\\{closure}(Object(Illuminate\\Http\\Request))
#14 D:\\xampp\\htdocs\\ehs-backend\\vendor\\laravel\\framework\\src\\Illuminate\\Routing\\Middleware\\SubstituteBindings.php(50): Illuminate\\Pipeline\\Pipeline->Illuminate\\Pipeline\\{closure}(Object(Illuminate\\Http\\Request))
#15 D:\\xampp\\htdocs\\ehs-backend\\vendor\\laravel\\framework\\src\\Illuminate\\Pipeline\\Pipeline.php(180): Illuminate\\Routing\\Middleware\\SubstituteBindings->handle(Object(Illuminate\\Http\\Request), Object(Closure))
#16 D:\\xampp\\htdocs\\ehs-backend\\vendor\\laravel\\framework\\src\\Illuminate\\Routing\\Middleware\\ThrottleRequests.php(126): Illuminate\\Pipeline\\Pipeline->Illuminate\\Pipeline\\{closure}(Object(Illuminate\\Http\\Request))
#17 D:\\xampp\\htdocs\\ehs-backend\\vendor\\laravel\\framework\\src\\Illuminate\\Routing\\Middleware\\ThrottleRequests.php(92): Illuminate\\Routing\\Middleware\\ThrottleRequests->handleRequest(Object(Illuminate\\Http\\Request), Object(Closure), Array)
#18 D:\\xampp\\htdocs\\ehs-backend\\vendor\\laravel\\framework\\src\\Illuminate\\Routing\\Middleware\\ThrottleRequests.php(54): Illuminate\\Routing\\Middleware\\ThrottleRequests->handleRequestUsingNamedLimiter(Object(Illuminate\\Http\\Request), Object(Closure), 'api', Object(Closure))
#19 D:\\xampp\\htdocs\\ehs-backend\\vendor\\laravel\\framework\\src\\Illuminate\\Pipeline\\Pipeline.php(180): Illuminate\\Routing\\Middleware\\ThrottleRequests->handle(Object(Illuminate\\Http\\Request), Object(Closure), 'api')
#20 D:\\xampp\\htdocs\\ehs-backend\\vendor\\laravel\\framework\\src\\Illuminate\\Pipeline\\Pipeline.php(116): Illuminate\\Pipeline\\Pipeline->Illuminate\\Pipeline\\{closure}(Object(Illuminate\\Http\\Request))
#21 D:\\xampp\\htdocs\\ehs-backend\\vendor\\laravel\\framework\\src\\Illuminate\\Routing\\Router.php(797): Illuminate\\Pipeline\\Pipeline->then(Object(Closure))
#22 D:\\xampp\\htdocs\\ehs-backend\\vendor\\laravel\\framework\\src\\Illuminate\\Routing\\Router.php(776): Illuminate\\Routing\\Router->runRouteWithinStack(Object(Illuminate\\Routing\\Route), Object(Illuminate\\Http\\Request))
#23 D:\\xampp\\htdocs\\ehs-backend\\vendor\\laravel\\framework\\src\\Illuminate\\Routing\\Router.php(740): Illuminate\\Routing\\Router->runRoute(Object(Illuminate\\Http\\Request), Object(Illuminate\\Routing\\Route))
#24 D:\\xampp\\htdocs\\ehs-backend\\vendor\\laravel\\framework\\src\\Illuminate\\Routing\\Router.php(729): Illuminate\\Routing\\Router->dispatchToRoute(Object(Illuminate\\Http\\Request))
#25 D:\\xampp\\htdocs\\ehs-backend\\vendor\\laravel\\framework\\src\\Illuminate\\Foundation\\Http\\Kernel.php(190): Illuminate\\Routing\\Router->dispatch(Object(Illuminate\\Http\\Request))
#26 D:\\xampp\\htdocs\\ehs-backend\\vendor\\laravel\\framework\\src\\Illuminate\\Pipeline\\Pipeline.php(141): Illuminate\\Foundation\\Http\\Kernel->Illuminate\\Foundation\\Http\\{closure}(Object(Illuminate\\Http\\Request))
#27 D:\\xampp\\htdocs\\ehs-backend\\vendor\\laravel\\framework\\src\\Illuminate\\Foundation\\Http\\Middleware\\TransformsRequest.php(21): Illuminate\\Pipeline\\Pipeline->Illuminate\\Pipeline\\{closure}(Object(Illuminate\\Http\\Request))
#28 D:\\xampp\\htdocs\\ehs-backend\\vendor\\laravel\\framework\\src\\Illuminate\\Foundation\\Http\\Middleware\\ConvertEmptyStringsToNull.php(31): Illuminate\\Foundation\\Http\\Middleware\\TransformsRequest->handle(Object(Illuminate\\Http\\Request), Object(Closure))
#29 D:\\xampp\\htdocs\\ehs-backend\\vendor\\laravel\\framework\\src\\Illuminate\\Pipeline\\Pipeline.php(180): Illuminate\\Foundation\\Http\\Middleware\\ConvertEmptyStringsToNull->handle(Object(Illuminate\\Http\\Request), Object(Closure))
#30 D:\\xampp\\htdocs\\ehs-backend\\vendor\\laravel\\framework\\src\\Illuminate\\Foundation\\Http\\Middleware\\TransformsRequest.php(21): Illuminate\\Pipeline\\Pipeline->Illuminate\\Pipeline\\{closure}(Object(Illuminate\\Http\\Request))
#31 D:\\xampp\\htdocs\\ehs-backend\\vendor\\laravel\\framework\\src\\Illuminate\\Foundation\\Http\\Middleware\\TrimStrings.php(40): Illuminate\\Foundation\\Http\\Middleware\\TransformsRequest->handle(Object(Illuminate\\Http\\Request), Object(Closure))
#32 D:\\xampp\\htdocs\\ehs-backend\\vendor\\laravel\\framework\\src\\Illuminate\\Pipeline\\Pipeline.php(180): Illuminate\\Foundation\\Http\\Middleware\\TrimStrings->handle(Object(Illuminate\\Http\\Request), Object(Closure))
#33 D:\\xampp\\htdocs\\ehs-backend\\vendor\\laravel\\framework\\src\\Illuminate\\Foundation\\Http\\Middleware\\ValidatePostSize.php(27): Illuminate\\Pipeline\\Pipeline->Illuminate\\Pipeline\\{closure}(Object(Illuminate\\Http\\Request))
#34 D:\\xampp\\htdocs\\ehs-backend\\vendor\\laravel\\framework\\src\\Illuminate\\Pipeline\\Pipeline.php(180): Illuminate\\Foundation\\Http\\Middleware\\ValidatePostSize->handle(Object(Illuminate\\Http\\Request), Object(Closure))
#35 D:\\xampp\\htdocs\\ehs-backend\\vendor\\laravel\\framework\\src\\Illuminate\\Foundation\\Http\\Middleware\\PreventRequestsDuringMaintenance.php(86): Illuminate\\Pipeline\\Pipeline->Illuminate\\Pipeline\\{closure}(Object(Illuminate\\Http\\Request))
#36 D:\\xampp\\htdocs\\ehs-backend\\vendor\\laravel\\framework\\src\\Illuminate\\Pipeline\\Pipeline.php(180): Illuminate\\Foundation\\Http\\Middleware\\PreventRequestsDuringMaintenance->handle(Object(Illuminate\\Http\\Request), Object(Closure))
#37 D:\\xampp\\htdocs\\ehs-backend\\vendor\\laravel\\framework\\src\\Illuminate\\Http\\Middleware\\HandleCors.php(62): Illuminate\\Pipeline\\Pipeline->Illuminate\\Pipeline\\{closure}(Object(Illuminate\\Http\\Request))
#38 D:\\xampp\\htdocs\\ehs-backend\\vendor\\laravel\\framework\\src\\Illuminate\\Pipeline\\Pipeline.php(180): Illuminate\\Http\\Middleware\\HandleCors->handle(Object(Illuminate\\Http\\Request), Object(Closure))
#39 D:\\xampp\\htdocs\\ehs-backend\\vendor\\laravel\\framework\\src\\Illuminate\\Http\\Middleware\\TrustProxies.php(39): Illuminate\\Pipeline\\Pipeline->Illuminate\\Pipeline\\{closure}(Object(Illuminate\\Http\\Request))
#40 D:\\xampp\\htdocs\\ehs-backend\\vendor\\laravel\\framework\\src\\Illuminate\\Pipeline\\Pipeline.php(180): Illuminate\\Http\\Middleware\\TrustProxies->handle(Object(Illuminate\\Http\\Request), Object(Closure))
#41 D:\\xampp\\htdocs\\ehs-backend\\vendor\\laravel\\framework\\src\\Illuminate\\Pipeline\\Pipeline.php(116): Illuminate\\Pipeline\\Pipeline->Illuminate\\Pipeline\\{closure}(Object(Illuminate\\Http\\Request))
#42 D:\\xampp\\htdocs\\ehs-backend\\vendor\\laravel\\framework\\src\\Illuminate\\Foundation\\Http\\Kernel.php(165): Illuminate\\Pipeline\\Pipeline->then(Object(Closure))
#43 D:\\xampp\\htdocs\\ehs-backend\\vendor\\laravel\\framework\\src\\Illuminate\\Foundation\\Http\\Kernel.php(134): Illuminate\\Foundation\\Http\\Kernel->sendRequestThroughRouter(Object(Illuminate\\Http\\Request))
#44 D:\\xampp\\htdocs\\ehs-backend\\public\\index.php(51): Illuminate\\Foundation\\Http\\Kernel->handle(Object(Illuminate\\Http\\Request))
#45 D:\\xampp\\htdocs\\ehs-backend\\vendor\\laravel\\framework\\src\\Illuminate\\Foundation\\resources\\server.php(16): require_once('D:\\\\xampp\\\\htdocs...')
#46 {main}
"} 
